date,district,rainfall_mm
2021-05-13,adilabad,0.07372180680583294
2021-05-14,adilabad,0.7472555977957589
2021-05-15,adilabad,0.006729323164861005
2021-05-16,adilabad,1.3165789152446545
2021-05-17,adilabad,0.11932331458070225
2021-05-18,adilabad,0.046466167708088583
2021-05-19,adilabad,0.7901879217391624
2021-05-20,adilabad,0.11729322878041662
2021-05-13,agarmalwa,0.0
2021-05-14,agarmalwa,0.0
2021-05-15,agarmalwa,0.06279999732971192
2021-05-16,agarmalwa,6.966400146484375
2021-05-17,agarmalwa,8.717400512695313
2021-05-18,agarmalwa,8.246599731445313
2021-05-19,agarmalwa,0.20639999389648436
2021-05-20,agarmalwa,0.5080000305175781
2021-05-13,ahmadabad,0.0
2021-05-14,ahmadabad,0.0
2021-05-15,ahmadabad,0.32791046598064366
2021-05-16,ahmadabad,12.633433783232276
2021-05-17,ahmadabad,13.997462941639458
2021-05-18,ahmadabad,30.060373790228546
2021-05-19,ahmadabad,0.5808954950588853
2021-05-20,ahmadabad,0.12089551384769269
2021-05-13,ahmadnagar,0.2129347980886266
2021-05-14,ahmadnagar,1.8549637725387795
2021-05-15,ahmadnagar,3.09721020684726
2021-05-16,ahmadnagar,1.1446738865064539
2021-05-17,ahmadnagar,3.318116118942482
2021-05-18,ahmadnagar,3.3531158004981885
2021-05-19,ahmadnagar,1.0640942117442256
2021-05-20,ahmadnagar,0.12528986170671988
2021-05-13,akola,0.0
2021-05-14,akola,0.004666666189829509
2021-05-15,akola,0.26655553181966146
2021-05-16,akola,3.698444620768229
2021-05-17,akola,0.022111111217074923
2021-05-18,akola,3.5195553249782985
2021-05-19,akola,0.41177779303656686
2021-05-20,akola,0.0
2021-05-13,alappuzha,130.5449951171875
2021-05-14,alappuzha,141.40648193359374
2021-05-15,alappuzha,46.7135009765625
2021-05-16,alappuzha,41.25449829101562
2021-05-17,alappuzha,0.7605000019073487
2021-05-18,alappuzha,0.8774999618530274
2021-05-19,alappuzha,23.51899871826172
2021-05-20,alappuzha,7.973999786376953
2021-05-13,alirajpur,0.0
2021-05-14,alirajpur,0.0
2021-05-15,alirajpur,2.4696296409324363
2021-05-16,alirajpur,13.744443540219907
2021-05-17,alirajpur,8.595740424262154
2021-05-18,alirajpur,16.894258852358217
2021-05-19,alirajpur,0.0003703703620919475
2021-05-20,alirajpur,0.0
2021-05-13,amravati,0.002685185107919905
2021-05-14,amravati,0.0066203706794314915
2021-05-15,amravati,0.10277778130990488
2021-05-16,amravati,5.503611246744792
2021-05-17,amravati,1.2759258128978588
2021-05-18,amravati,4.417963098596643
2021-05-19,amravati,0.5482407322636357
2021-05-20,amravati,0.0
2021-05-13,amreli,0.0
2021-05-14,amreli,0.08024590132666416
2021-05-15,amreli,0.16450819421987065
2021-05-16,amreli,3.4927868452228483
2021-05-17,amreli,48.27459016393443
2021-05-18,amreli,23.223686843621927
2021-05-19,amreli,0.656311535444416
2021-05-20,amreli,0.0
2021-05-13,anand,0.0
2021-05-14,anand,0.0
2021-05-15,anand,0.6837499936421713
2021-05-16,anand,5.368750254313151
2021-05-17,anand,14.279582977294922
2021-05-18,anand,55.2043711344401
2021-05-19,anand,1.0518749554951985
2021-05-20,anand,0.0
2021-05-13,anantapur,3.7488458095452724
2021-05-14,anantapur,0.7375961694961939
2021-05-15,anantapur,2.2222434801933093
2021-05-16,anantapur,0.29900638873760516
2021-05-17,anantapur,1.6578846466846955
2021-05-18,anantapur,2.17750001565004
2021-05-19,anantapur,9.770031268780048
2021-05-20,anantapur,9.019808255709135
2021-05-13,aravalli,0.0
2021-05-14,aravalli,0.0
2021-05-15,aravalli,0.2181034416987978
2021-05-16,aravalli,15.813792261584052
2021-05-17,aravalli,9.359482337688577
2021-05-18,aravalli,33.35982750202047
2021-05-19,aravalli,0.34844826007711477
2021-05-20,aravalli,0.0
2021-05-13,ariyalur,0.6608823327457204
2021-05-14,ariyalur,0.06029412325690774
2021-05-15,ariyalur,0.7935293983010685
2021-05-16,ariyalur,2.354705810546875
2021-05-17,ariyalur,0.010588235714856316
2021-05-18,ariyalur,0.0020588235381771534
2021-05-19,ariyalur,1.2505881365607767
2021-05-20,ariyalur,23.8208833582261
2021-05-13,aurangabad,0.18420453505082565
2021-05-14,aurangabad,0.34840908917513763
2021-05-15,aurangabad,0.9364204406738281
2021-05-16,aurangabad,3.172159021550959
2021-05-17,aurangabad,0.7925567626953125
2021-05-18,aurangabad,2.216136412187056
2021-05-19,aurangabad,0.17795454372059216
2021-05-20,aurangabad,0.04607954350384799
2021-05-13,bagalkot,1.5757894683302494
2021-05-14,bagalkot,0.3384210352312055
2021-05-15,bagalkot,4.988596062911184
2021-05-16,bagalkot,1.1192105611165364
2021-05-17,bagalkot,0.2363157774272718
2021-05-18,bagalkot,1.5064036051432292
2021-05-19,bagalkot,2.0489475183319628
2021-05-20,bagalkot,0.4181579121372156
2021-05-13,banaskantha,0.08671874801317851
2021-05-14,banaskantha,0.0
2021-05-15,banaskantha,0.016875000049670536
2021-05-16,banaskantha,0.7753125031789144
2021-05-17,banaskantha,7.559062321980794
2021-05-18,banaskantha,8.804010391235352
2021-05-19,banaskantha,0.005781250074505806
2021-05-20,banaskantha,0.0
2021-05-13,bangalore,12.807778252495659
2021-05-14,bangalore,0.02694444192780389
2021-05-15,bangalore,2.6711112128363714
2021-05-16,bangalore,0.9261111153496636
2021-05-17,bangalore,4.261110941569011
2021-05-18,bangalore,0.242777771419949
2021-05-19,bangalore,1.8227776421440973
2021-05-20,bangalore,8.120833502875435
2021-05-13,bangalorerural,4.2862499237060545
2021-05-14,bangalorerural,0.014499999582767487
2021-05-15,bangalorerural,4.979999542236328
2021-05-16,bangalorerural,0.6880000114440918
2021-05-17,bangalorerural,2.325749969482422
2021-05-18,bangalorerural,0.15699999332427977
2021-05-19,bangalorerural,8.027000427246094
2021-05-20,bangalorerural,12.276749420166016
2021-05-13,banswara,0.0015384615040742434
2021-05-14,banswara,0.0
2021-05-15,banswara,0.7511537992037259
2021-05-16,banswara,19.154872796474358
2021-05-17,banswara,2.983974358974359
2021-05-18,banswara,27.27692432892628
2021-05-19,banswara,0.5252564259064503
2021-05-20,banswara,0.0
2021-05-13,barwani,0.0
2021-05-14,barwani,0.004999999888241291
2021-05-15,barwani,0.18604165315628052
2021-05-16,barwani,8.66281255086263
2021-05-17,barwani,1.9164581298828125
2021-05-18,barwani,8.719062169392904
2021-05-19,barwani,0.0
2021-05-20,barwani,0.0
2021-05-13,belgaum,0.8515043680646778
2021-05-14,belgaum,6.293096761787887
2021-05-15,belgaum,9.214070277931416
2021-05-16,belgaum,16.527743449253318
2021-05-17,belgaum,0.29022122273402934
2021-05-18,belgaum,4.889380530973451
2021-05-19,belgaum,0.7245575221238938
2021-05-20,belgaum,0.3241150104894047
2021-05-13,bellary,1.6640625
2021-05-14,bellary,0.5051562190055847
2021-05-15,bellary,2.8743748664855957
2021-05-16,bellary,0.27734375
2021-05-17,bellary,3.380312442779541
2021-05-18,bellary,0.463203102350235
2021-05-19,bellary,3.66796875
2021-05-20,bellary,1.8821094036102295
2021-05-13,betul,0.0
2021-05-14,betul,0.02093023200367772
2021-05-15,betul,0.4685464903365734
2021-05-16,betul,10.611802212027616
2021-05-17,betul,3.3788956043332123
2021-05-18,betul,8.130464775617732
2021-05-19,betul,0.6722674702489099
2021-05-20,betul,0.0
2021-05-13,bhandara,0.06299999356269836
2021-05-14,bhandara,1.27787504196167
2021-05-15,bhandara,0.14787499904632567
2021-05-16,bhandara,1.3853749275207519
2021-05-17,bhandara,0.02237500101327896
2021-05-18,bhandara,3.6052501678466795
2021-05-19,bhandara,5.15625
2021-05-20,bhandara,0.01612500101327896
2021-05-13,bharuch,0.0
2021-05-14,bharuch,0.0
2021-05-15,bharuch,0.4547826103542162
2021-05-16,bharuch,11.768152651579484
2021-05-17,bharuch,31.42771579908288
2021-05-18,bharuch,52.83543329653533
2021-05-19,bharuch,0.11619565797888715
2021-05-20,bharuch,0.0
2021-05-13,bhavnagar,0.0
2021-05-14,bhavnagar,0.0
2021-05-15,bhavnagar,0.4829999923706055
2021-05-16,bhavnagar,5.141416422526041
2021-05-17,bhavnagar,54.70983072916667
2021-05-18,bhavnagar,47.5387451171875
2021-05-19,bhavnagar,0.7521666844685873
2021-05-20,bhavnagar,0.018916666507720947
2021-05-13,bhopal,0.7012000274658203
2021-05-14,bhopal,0.0
2021-05-15,bhopal,1.2275999450683595
2021-05-16,bhopal,6.6305999755859375
2021-05-17,bhopal,0.5321999740600586
2021-05-18,bhopal,4.8552001953125
2021-05-19,bhopal,0.47879997253417966
2021-05-20,bhopal,0.0
2021-05-13,bid,0.18963917997694507
2021-05-14,bid,0.5240205981067776
2021-05-15,bid,2.09896913508779
2021-05-16,bid,0.9485567230539224
2021-05-17,bid,0.6476803809097132
2021-05-18,bid,3.0565462407377577
2021-05-19,bid,0.29211339262342945
2021-05-20,bid,0.0
2021-05-13,bidar,0.007395833109815915
2021-05-14,bidar,3.9926039377848306
2021-05-15,bidar,3.9904168446858725
2021-05-16,bidar,0.7100000381469727
2021-05-17,bidar,0.41833333174387616
2021-05-18,bidar,0.04093750069538752
2021-05-19,bidar,0.9344791571299235
2021-05-20,bidar,0.0
2021-05-13,bijapur,1.1390130896317332
2021-05-14,bijapur,0.16328945912812887
2021-05-15,bijapur,0.0003289473488142616
2021-05-16,bijapur,0.08657894636455335
2021-05-17,bijapur,0.09651315212249756
2021-05-18,bijapur,0.015855263722570317
2021-05-19,bijapur,0.028552629445728502
2021-05-20,bijapur,0.750789441560444
2021-05-13,botad,0.0
2021-05-14,botad,0.0
2021-05-15,botad,0.17423075896043044
2021-05-16,botad,1.4273077157827525
2021-05-17,botad,43.84807880108173
2021-05-18,botad,25.184227576622597
2021-05-19,botad,1.1157691662128155
2021-05-20,botad,0.0
2021-05-13,buldana,0.012409638209515307
2021-05-14,buldana,0.03246987871376865
2021-05-15,buldana,0.14192769613610692
2021-05-16,buldana,2.718433609927993
2021-05-17,buldana,0.10006023315062006
2021-05-18,buldana,1.967771047569183
2021-05-19,buldana,1.2025300910673946
2021-05-20,buldana,0.0
2021-05-13,burhanpur,0.0
2021-05-14,burhanpur,0.01816666523615519
2021-05-15,burhanpur,0.08716665903727214
2021-05-16,burhanpur,8.407166544596354
2021-05-17,burhanpur,0.3854999860127767
2021-05-18,burhanpur,0.7348332722981771
2021-05-19,burhanpur,1.065999984741211
2021-05-20,burhanpur,0.0
2021-05-13,chamrajnagar,7.921702283494016
2021-05-14,chamrajnagar,8.928616787524934
2021-05-15,chamrajnagar,29.22340425531915
2021-05-16,chamrajnagar,12.248511781083776
2021-05-17,chamrajnagar,4.3752126490816154
2021-05-18,chamrajnagar,3.412765827584774
2021-05-19,chamrajnagar,8.89840373587101
2021-05-20,chamrajnagar,7.0867017380734705
2021-05-13,chandrapur,0.5535353458288944
2021-05-14,chandrapur,8.079596008917298
2021-05-15,chandrapur,0.0005050504749471492
2021-05-16,chandrapur,2.7573232939749053
2021-05-17,chandrapur,0.1495959542014382
2021-05-18,chandrapur,0.3187878733933574
2021-05-19,chandrapur,1.2374242146809895
2021-05-20,chandrapur,0.08757575834640349
2021-05-13,chennai,0.0
2021-05-14,chennai,0.014999999664723873
2021-05-15,chennai,0.8949999809265137
2021-05-16,chennai,0.1850000023841858
2021-05-17,chennai,0.0
2021-05-18,chennai,0.0
2021-05-19,chennai,0.0
2021-05-20,chennai,0.7849999666213989
2021-05-13,chhindwara,0.0
2021-05-14,chhindwara,0.9177499389648438
2021-05-15,chhindwara,0.14585000038146972
2021-05-16,chhindwara,4.241400146484375
2021-05-17,chhindwara,0.21954999923706053
2021-05-18,chhindwara,18.60385009765625
2021-05-19,chhindwara,4.466800537109375
2021-05-20,chhindwara,0.005249999761581421
2021-05-13,chhotaudaipur,0.0
2021-05-14,chhotaudaipur,0.0
2021-05-15,chhotaudaipur,2.0827271432587593
2021-05-16,chhotaudaipur,14.610455137310606
2021-05-17,chhotaudaipur,8.881818366773201
2021-05-18,chhotaudaipur,35.44015225497159
2021-05-19,chhotaudaipur,0.002121212130243128
2021-05-20,chhotaudaipur,0.0
2021-05-13,chikballapura,9.065605394767992
2021-05-14,chikballapura,0.10242423144253818
2021-05-15,chikballapura,2.2609091094045928
2021-05-16,chikballapura,0.7596969604492188
2021-05-17,chikballapura,0.5343938885313092
2021-05-18,chikballapura,0.6484847791267164
2021-05-19,chikballapura,18.188028971354168
2021-05-20,chikballapura,11.454242128314394
2021-05-13,chikmagalur,20.823507743969298
2021-05-14,chikmagalur,3.4302630508155154
2021-05-15,chikmagalur,30.35938570792215
2021-05-16,chikmagalur,4.3041229248046875
2021-05-17,chikmagalur,1.28719303064179
2021-05-18,chikmagalur,3.859473512883772
2021-05-19,chikmagalur,5.393070154022753
2021-05-20,chikmagalur,1.1104385643674617
2021-05-13,chitradurga,6.17835693359375
2021-05-14,chitradurga,0.6605713980538505
2021-05-15,chitradurga,3.0477142333984375
2021-05-16,chitradurga,0.4984285627092634
2021-05-17,chitradurga,2.972428676060268
2021-05-18,chitradurga,1.095142800467355
2021-05-19,chitradurga,9.565214320591517
2021-05-20,chitradurga,1.1429285321916853
2021-05-13,chittaurgarh,0.0846875011920929
2021-05-14,chittaurgarh,0.0008593749953433871
2021-05-15,chittaurgarh,0.012968749739229679
2021-05-16,chittaurgarh,12.567343711853027
2021-05-17,chittaurgarh,11.705469131469727
2021-05-18,chittaurgarh,14.114686965942383
2021-05-19,chittaurgarh,3.542343854904175
2021-05-20,chittaurgarh,0.0
2021-05-13,chittoor,2.680753919813368
2021-05-14,chittoor,0.4899602920290024
2021-05-15,chittoor,1.402222164093502
2021-05-16,chittoor,0.18250000666058253
2021-05-17,chittoor,0.44666665697854663
2021-05-18,chittoor,0.04615079410492428
2021-05-19,chittoor,12.195476229228671
2021-05-20,chittoor,12.048571389818948
2021-05-13,coimbatore,7.681874752044678
2021-05-14,coimbatore,33.95172119140625
2021-05-15,coimbatore,48.71484375
2021-05-16,coimbatore,28.158594131469727
2021-05-17,coimbatore,0.9418749809265137
2021-05-18,coimbatore,1.5479687452316284
2021-05-19,coimbatore,11.579999923706055
2021-05-20,coimbatore,4.240624904632568
2021-05-13,cuddalore,0.27455882465138154
2021-05-14,cuddalore,0.10191176919376149
2021-05-15,cuddalore,0.9111764571245979
2021-05-16,cuddalore,2.6923529681037452
2021-05-17,cuddalore,0.0007352940738201141
2021-05-18,cuddalore,0.0014705881476402283
2021-05-19,cuddalore,1.6258824292351217
2021-05-20,cuddalore,33.798088522518384
2021-05-13,dadraandnagarhaveli,0.0
2021-05-14,dadraandnagarhaveli,0.0
2021-05-15,dadraandnagarhaveli,0.38499999046325684
2021-05-16,dadraandnagarhaveli,15.828749656677246
2021-05-17,dadraandnagarhaveli,86.84873962402344
2021-05-18,dadraandnagarhaveli,58.61000061035156
2021-05-19,dadraandnagarhaveli,0.0
2021-05-20,dadraandnagarhaveli,0.0
2021-05-13,dahod,0.0009459459499732868
2021-05-14,dahod,0.0
2021-05-15,dahod,0.3087837631637986
2021-05-16,dahod,17.332433752111488
2021-05-17,dahod,5.223108240076013
2021-05-18,dahod,33.935540276604726
2021-05-19,dahod,0.1447297173577386
2021-05-20,dahod,0.0
2021-05-13,dakshinakannada,11.024857003348215
2021-05-14,dakshinakannada,26.43728550502232
2021-05-15,dakshinakannada,57.91271275111607
2021-05-16,dakshinakannada,15.124428013392857
2021-05-17,dakshinakannada,9.684000069754465
2021-05-18,dakshinakannada,12.590427943638392
2021-05-19,dakshinakannada,7.7868573869977675
2021-05-20,dakshinakannada,5.184999738420759
2021-05-13,daman,0.0
2021-05-14,daman,0.07499999552965164
2021-05-15,daman,0.08000000566244125
2021-05-16,daman,14.73499870300293
2021-05-17,daman,115.02000427246094
2021-05-18,daman,54.17999267578125
2021-05-19,daman,0.0
2021-05-20,daman,0.0
2021-05-13,dantewada,1.2569999694824219
2021-05-14,dantewada,0.165
2021-05-15,dantewada,0.0
2021-05-16,dantewada,0.0
2021-05-17,dantewada,0.01
2021-05-18,dantewada,0.0
2021-05-19,dantewada,0.0
2021-05-20,dantewada,0.0025999999046325685
2021-05-13,davanagere,4.377916463216146
2021-05-14,davanagere,0.8608332951863606
2021-05-15,davanagere,5.8125
2021-05-16,davanagere,1.1083333333333334
2021-05-17,davanagere,1.6584166208902995
2021-05-18,davanagere,4.687249755859375
2021-05-19,davanagere,5.064166259765625
2021-05-20,davanagere,0.3484999974568685
2021-05-13,devbhumidwarka,0.0
2021-05-14,devbhumidwarka,0.0
2021-05-15,devbhumidwarka,0.11904761904761904
2021-05-16,devbhumidwarka,2.039047604515439
2021-05-17,devbhumidwarka,2.494047619047619
2021-05-18,devbhumidwarka,1.0551191057477678
2021-05-19,devbhumidwarka,0.016547617458161853
2021-05-20,devbhumidwarka,0.0
2021-05-13,dewas,0.0
2021-05-14,dewas,0.3032257941461379
2021-05-15,dewas,0.9614516227476059
2021-05-16,dewas,4.2515322777532765
2021-05-17,dewas,1.3502418764175907
2021-05-18,dewas,2.1560484363186743
2021-05-19,dewas,0.11072581045089229
2021-05-20,dewas,0.45798387835102694
2021-05-13,dhar,0.0
2021-05-14,dhar,0.007428571156093053
2021-05-15,dhar,0.21907142911638533
2021-05-16,dhar,7.683643450055803
2021-05-17,dhar,2.8956429617745534
2021-05-18,dhar,9.623214285714285
2021-05-19,dhar,0.00021428570949605534
2021-05-20,dhar,0.0
2021-05-13,dharmapuri,2.8946249008178713
2021-05-14,dharmapuri,0.4763749599456787
2021-05-15,dharmapuri,4.708625030517578
2021-05-16,dharmapuri,1.2932498931884766
2021-05-17,dharmapuri,0.028499999642372133
2021-05-18,dharmapuri,0.07587499618530273
2021-05-19,dharmapuri,2.092499923706055
2021-05-20,dharmapuri,23.9375
2021-05-13,dharwad,5.253571428571429
2021-05-14,dharwad,13.021285574776785
2021-05-15,dharwad,6.748713902064732
2021-05-16,dharwad,9.364998953683036
2021-05-17,dharwad,0.33399998801095143
2021-05-18,dharwad,3.000571550641741
2021-05-19,dharwad,0.1294285637991769
2021-05-20,dharwad,0.05785714558192662
2021-05-13,dhule,0.00042372878830311664
2021-05-14,dhule,0.0038983049029010838
2021-05-15,dhule,1.0773729227356992
2021-05-16,dhule,9.492372674457098
2021-05-17,dhule,4.306271051956435
2021-05-18,dhule,13.4155076883607
2021-05-19,dhule,0.010169491929523015
2021-05-20,dhule,0.021864406133102157
2021-05-13,dindigul,14.066063414228724
2021-05-14,dindigul,11.962446496841755
2021-05-15,dindigul,18.607658223902927
2021-05-16,dindigul,3.862446886427859
2021-05-17,dindigul,3.454999883124169
2021-05-18,dindigul,3.775957148125831
2021-05-19,dindigul,14.360106123254655
2021-05-20,dindigul,10.497446912400266
2021-05-13,diu,0.0
2021-05-14,diu,0.0
2021-05-15,diu,0.0
2021-05-16,diu,0.0
2021-05-17,diu,0.0
2021-05-18,diu,0.0
2021-05-19,diu,0.0
2021-05-20,diu,0.0
2021-05-13,dungarpur,0.0
2021-05-14,dungarpur,0.0
2021-05-15,dungarpur,0.5701612657116305
2021-05-16,dungarpur,18.776934223790324
2021-05-17,dungarpur,8.654838315902218
2021-05-18,dungarpur,34.51838536416331
2021-05-19,dungarpur,0.17274193609914473
2021-05-20,dungarpur,0.0
2021-05-13,eastnimar,0.013671875
2021-05-14,eastnimar,0.38328126072883606
2021-05-15,eastnimar,1.90945303440094
2021-05-16,eastnimar,10.536796569824219
2021-05-17,eastnimar,1.130859375
2021-05-18,eastnimar,1.2171874046325684
2021-05-19,eastnimar,0.4012500047683716
2021-05-20,eastnimar,0.08382812142372131
2021-05-13,ernakulam,46.5278962787829
2021-05-14,ernakulam,99.74762284128289
2021-05-15,ernakulam,80.78341514185855
2021-05-16,ernakulam,36.58473607113487
2021-05-17,ernakulam,3.5699996948242188
2021-05-18,ernakulam,3.100526307758532
2021-05-19,ernakulam,19.15078895970395
2021-05-20,ernakulam,10.479472913240132
2021-05-13,erode,17.94530029296875
2021-05-14,erode,2.438800048828125
2021-05-15,erode,28.691298828125
2021-05-16,erode,3.213399658203125
2021-05-17,erode,1.3097999572753907
2021-05-18,erode,0.24719999313354493
2021-05-19,erode,9.681199951171875
2021-05-20,erode,5.0094998168945315
2021-05-13,gadag,6.932763350637336
2021-05-14,gadag,0.23736840800235146
2021-05-15,gadag,1.7222366333007812
2021-05-16,gadag,2.396315725226151
2021-05-17,gadag,0.04921052644127294
2021-05-18,gadag,2.631973668148643
2021-05-19,gadag,1.5932894254985608
2021-05-20,gadag,1.1917105223003186
2021-05-13,gandhinagar,0.0
2021-05-14,gandhinagar,0.0
2021-05-15,gandhinagar,0.2180769260113056
2021-05-16,gandhinagar,19.71538602388822
2021-05-17,gandhinagar,5.991539001464844
2021-05-18,gandhinagar,24.427692119891827
2021-05-19,gandhinagar,0.24576922563406137
2021-05-20,gandhinagar,0.0
2021-05-13,garhchiroli,2.648951376638105
2021-05-14,garhchiroli,9.826491817351311
2021-05-15,garhchiroli,0.0017338709965828926
2021-05-16,garhchiroli,0.5938709628197455
2021-05-17,garhchiroli,0.037379030258424824
2021-05-18,garhchiroli,0.020806450997629473
2021-05-19,garhchiroli,1.7410080202164189
2021-05-20,garhchiroli,0.9879031642790763
2021-05-13,girsomnath,0.0
2021-05-14,girsomnath,0.0
2021-05-15,girsomnath,0.0859999974568685
2021-05-16,girsomnath,1.6566665649414063
2021-05-17,girsomnath,52.35966796875
2021-05-18,girsomnath,11.41199951171875
2021-05-19,girsomnath,0.00033333332588275275
2021-05-20,girsomnath,0.0
2021-05-13,gondiya,0.03312499821186066
2021-05-14,gondiya,0.9148750305175781
2021-05-15,gondiya,0.30875000953674314
2021-05-16,gondiya,1.5817499160766602
2021-05-17,gondiya,0.0
2021-05-18,gondiya,0.31262497901916503
2021-05-19,gondiya,2.906500244140625
2021-05-20,gondiya,0.06012500524520874
2021-05-13,gulbarga,0.23729165395100912
2021-05-14,gulbarga,0.37578121821085614
2021-05-15,gulbarga,15.200571695963541
2021-05-16,gulbarga,0.10494791467984517
2021-05-17,gulbarga,0.20286456743876138
2021-05-18,gulbarga,1.149843692779541
2021-05-19,gulbarga,2.4178644816080728
2021-05-20,gulbarga,0.0008854166759798924
2021-05-13,guntur,5.86453119913737
2021-05-14,guntur,0.058750003576278687
2021-05-15,guntur,0.24973956743876138
2021-05-16,guntur,6.207864125569661
2021-05-17,guntur,0.07421874503294627
2021-05-18,guntur,0.05010416110356649
2021-05-19,guntur,2.1977081298828125
2021-05-20,guntur,3.4061978658040366
2021-05-13,harda,0.0043750000186264515
2021-05-14,harda,0.5271875262260437
2021-05-15,harda,2.448437452316284
2021-05-16,harda,11.168437957763672
2021-05-17,harda,3.1114063262939453
2021-05-18,harda,1.5709376335144043
2021-05-19,harda,0.4871875047683716
2021-05-20,harda,0.0
2021-05-13,hassan,7.75816650390625
2021-05-14,hassan,6.696000162760416
2021-05-15,hassan,24.729998779296874
2021-05-16,hassan,6.438166809082031
2021-05-17,hassan,3.9653333028157554
2021-05-18,hassan,3.602166493733724
2021-05-19,hassan,5.4910837809244795
2021-05-20,hassan,1.054166603088379
2021-05-13,haveri,1.9972617739722842
2021-05-14,haveri,4.211666652134487
2021-05-15,haveri,7.785952613467262
2021-05-16,haveri,6.780357724144345
2021-05-17,haveri,0.09880952608017694
2021-05-18,haveri,1.379047575451079
2021-05-19,haveri,1.933452424548921
2021-05-20,haveri,0.029285711901528493
2021-05-13,hingoli,0.004659090868451379
2021-05-14,hingoli,0.02284090898253701
2021-05-15,hingoli,0.0417045463215221
2021-05-16,hingoli,0.8081817626953125
2021-05-17,hingoli,0.14863635193217883
2021-05-18,hingoli,1.9789772033691406
2021-05-19,hingoli,0.3634090640328147
2021-05-20,hingoli,0.0034090907058932566
2021-05-13,hoshangabad,0.01847457481642901
2021-05-14,hoshangabad,0.012542372032747431
2021-05-15,hoshangabad,1.413559218584481
2021-05-16,hoshangabad,10.095169326006356
2021-05-17,hoshangabad,4.339491504733846
2021-05-18,hoshangabad,8.084745762711865
2021-05-19,hoshangabad,1.2467796196371823
2021-05-20,hoshangabad,0.0
2021-05-13,hyderabad,1.4549999237060547
2021-05-14,hyderabad,5.214999675750732
2021-05-15,hyderabad,0.0
2021-05-16,hyderabad,2.830000162124634
2021-05-17,hyderabad,0.06499999761581421
2021-05-18,hyderabad,5.305000305175781
2021-05-19,hyderabad,7.5
2021-05-20,hyderabad,0.0
2021-05-13,idukki,19.37430306368096
2021-05-14,idukki,62.31535019985465
2021-05-15,idukki,37.01383652797965
2021-05-16,idukki,19.897441065588662
2021-05-17,idukki,1.3711627694063409
2021-05-18,idukki,2.7987206037654433
2021-05-19,idukki,17.878139761991278
2021-05-20,idukki,12.110814294149709
2021-05-13,indore,0.0
2021-05-14,indore,0.0
2021-05-15,indore,0.7199999673025949
2021-05-16,indore,2.519571358816964
2021-05-17,indore,0.5898571559361049
2021-05-18,indore,1.6390001569475448
2021-05-19,indore,0.022571427481515065
2021-05-20,indore,0.2827142715454102
2021-05-13,jalgaon,0.0010679611592616849
2021-05-14,jalgaon,0.016699028246611066
2021-05-15,jalgaon,0.5607767197692278
2021-05-16,jalgaon,6.209708500834345
2021-05-17,jalgaon,0.4212135759372156
2021-05-18,jalgaon,0.8454853539327973
2021-05-19,jalgaon,0.14446601126957864
2021-05-20,jalgaon,0.0
2021-05-13,jalna,0.008615383735069862
2021-05-14,jalna,0.16892306988055888
2021-05-15,jalna,0.4329230381892278
2021-05-16,jalna,3.1185382549579326
2021-05-17,jalna,0.5620768620417669
2021-05-18,jalna,3.3733076829176682
2021-05-19,jalna,0.3147692166841947
2021-05-20,jalna,0.0
2021-05-13,jalor,0.0
2021-05-14,jalor,0.0
2021-05-15,jalor,0.0
2021-05-16,jalor,0.6101530814657405
2021-05-17,jalor,10.207754952566964
2021-05-18,jalor,7.841683523995536
2021-05-19,jalor,0.0013775509230944576
2021-05-20,jalor,0.0
2021-05-13,jamnagar,0.0
2021-05-14,jamnagar,0.0
2021-05-15,jamnagar,0.06811474972083921
2021-05-16,jamnagar,3.5335245601466445
2021-05-17,jamnagar,8.742049420466188
2021-05-18,jamnagar,3.786065523741675
2021-05-19,jamnagar,0.0030327869243309147
2021-05-20,jamnagar,0.0
2021-05-13,jhabua,0.0
2021-05-14,jhabua,0.0
2021-05-15,jhabua,0.21816665331522625
2021-05-16,jhabua,9.751333618164063
2021-05-17,jhabua,2.8519999186197915
2021-05-18,jhabua,23.84666544596354
2021-05-19,jhabua,0.12216665744781494
2021-05-20,jhabua,0.0
2021-05-13,jhalawar,0.041111111640930176
2021-05-14,jhalawar,0.0
2021-05-15,jhalawar,0.30009259117974174
2021-05-16,jhalawar,17.367869059244793
2021-05-17,jhalawar,7.431018405490452
2021-05-18,jhalawar,14.598888255931714
2021-05-19,jhalawar,0.8575925473813657
2021-05-20,jhalawar,0.04703703633061162
2021-05-13,junagadh,0.0
2021-05-14,junagadh,0.006693548252505641
2021-05-15,junagadh,0.10572579599195911
2021-05-16,junagadh,1.4280645308956024
2021-05-17,junagadh,33.33314169606855
2021-05-18,junagadh,11.691855153729838
2021-05-19,junagadh,0.014516127686346731
2021-05-20,junagadh,0.0
2021-05-13,kachchh,0.001891891859673165
2021-05-14,kachchh,0.0011486486003205584
2021-05-15,kachchh,0.01993242985493428
2021-05-16,kachchh,0.48689187539590373
2021-05-17,kachchh,4.963554093644426
2021-05-18,kachchh,1.4261756690772804
2021-05-19,kachchh,0.17401349866712415
2021-05-20,kachchh,0.0008513513449076059
2021-05-13,kancheepuram,0.1965789418471487
2021-05-14,kancheepuram,0.19250000150580154
2021-05-15,kancheepuram,1.226841976768092
2021-05-16,kancheepuram,0.7715788389507093
2021-05-17,kancheepuram,0.0018421052710006112
2021-05-18,kancheepuram,0.0
2021-05-19,kancheepuram,0.0
2021-05-20,kancheepuram,8.53013128983347
2021-05-13,kannur,10.363332748413086
2021-05-14,kannur,63.71979268391927
2021-05-15,kannur,69.34646097819011
2021-05-16,kannur,47.313751220703125
2021-05-17,kannur,11.18020757039388
2021-05-18,kannur,4.890832901000977
2021-05-19,kannur,11.942916870117188
2021-05-20,kannur,15.920207977294922
2021-05-13,karimnagar,0.06341584366146881
2021-05-14,karimnagar,4.128019729463181
2021-05-15,karimnagar,0.06178217595166499
2021-05-16,karimnagar,1.4975741546933015
2021-05-17,karimnagar,0.6395544675317141
2021-05-18,karimnagar,0.062227725982666016
2021-05-19,karimnagar,2.0672276562983445
2021-05-20,karimnagar,0.08381187325657004
2021-05-13,karur,14.289598388671875
2021-05-14,karur,2.8027999877929686
2021-05-15,karur,18.205799560546875
2021-05-16,karur,0.770199966430664
2021-05-17,karur,2.1422000122070313
2021-05-18,karur,3.1429998779296877
2021-05-19,karur,26.0531982421875
2021-05-20,karur,5.794200439453125
2021-05-13,kasaragod,5.364705702837775
2021-05-14,kasaragod,65.42029526654412
2021-05-15,kasaragod,52.91646800321691
2021-05-16,kasaragod,24.436469582950366
2021-05-17,kasaragod,23.395588594324447
2021-05-18,kasaragod,17.529998779296875
2021-05-19,kasaragod,8.167353012982536
2021-05-20,kasaragod,10.432940314797793
2021-05-13,khammam,2.7197776511863427
2021-05-14,khammam,0.034629627510353374
2021-05-15,khammam,0.2460370381673177
2021-05-16,khammam,5.771518735532408
2021-05-17,khammam,0.4355185049551505
2021-05-18,khammam,0.0037037034829457602
2021-05-19,khammam,2.4864443178530093
2021-05-20,khammam,2.2843334056712963
2021-05-13,kheda,0.0
2021-05-14,kheda,0.0
2021-05-15,kheda,0.24346153552715594
2021-05-16,kheda,13.444871168870192
2021-05-17,kheda,7.252948467548077
2021-05-18,kheda,47.79730694110577
2021-05-19,kheda,0.5880769093831381
2021-05-20,kheda,0.123717956053905
2021-05-13,kodagu,7.669242627692945
2021-05-14,kodagu,32.97287819602273
2021-05-15,kodagu,66.12423798532197
2021-05-16,kodagu,31.295909534801137
2021-05-17,kodagu,4.252121434067234
2021-05-18,kodagu,2.756212176698627
2021-05-19,kodagu,5.710909294359611
2021-05-20,kodagu,4.3915150960286455
2021-05-13,kolar,2.907499874339384
2021-05-14,kolar,1.2783822452320772
2021-05-15,kolar,2.9638236550723804
2021-05-16,kolar,2.8177941266228173
2021-05-17,kolar,0.3486764571245979
2021-05-18,kolar,0.0336764700272504
2021-05-19,kolar,9.662058213177849
2021-05-20,kolar,15.592644186580882
2021-05-13,kolhapur,0.2988461421086238
2021-05-14,kolhapur,5.0312302809495195
2021-05-15,kolhapur,11.2
2021-05-16,kolhapur,55.67476337139423
2021-05-17,kolhapur,4.85046151968149
2021-05-18,kolhapur,3.2448462853064903
2021-05-19,kolhapur,4.878692157451923
2021-05-20,kolhapur,0.7025384169358474
2021-05-13,kollam,80.8864990234375
2021-05-14,kollam,101.49150390625
2021-05-15,kollam,30.782998657226564
2021-05-16,kollam,25.40149841308594
2021-05-17,kollam,0.12849998474121094
2021-05-18,kollam,2.390999984741211
2021-05-19,kollam,11.199249267578125
2021-05-20,kollam,9.526749420166016
2021-05-13,koppal,1.2311223866988201
2021-05-14,koppal,1.9398978097098214
2021-05-15,koppal,2.6805102289939415
2021-05-16,koppal,0.2775510087305186
2021-05-17,koppal,1.27357140365912
2021-05-18,koppal,2.792040766501913
2021-05-19,koppal,1.8517347063337053
2021-05-20,koppal,2.714897934271365
2021-05-13,kottayam,77.287353515625
2021-05-14,kottayam,109.54469927619485
2021-05-15,kottayam,42.09205537683823
2021-05-16,kottayam,45.40970387178309
2021-05-17,kottayam,0.7455882465138155
2021-05-18,kottayam,1.7905881545122933
2021-05-19,kottayam,18.269118365119486
2021-05-20,kottayam,5.3108821195714615
2021-05-13,kozhikode,25.45944383409288
2021-05-14,kozhikode,77.66832139756944
2021-05-15,kozhikode,77.49527994791667
2021-05-16,kozhikode,71.62443712022569
2021-05-17,kozhikode,7.033889346652561
2021-05-18,kozhikode,14.894444783528646
2021-05-19,kozhikode,23.931108262803818
2021-05-20,kozhikode,6.453333112928602
2021-05-13,krishna,5.681622067013302
2021-05-14,krishna,0.07398647875399203
2021-05-15,krishna,0.32060808748812286
2021-05-16,krishna,8.689864699904984
2021-05-17,krishna,0.12567566536568306
2021-05-18,krishna,0.23479729729729729
2021-05-19,krishna,0.708648681640625
2021-05-20,krishna,2.6860809326171875
2021-05-13,krishnagiri,7.536250305175781
2021-05-14,krishnagiri,1.7553749084472656
2021-05-15,krishnagiri,4.015750122070313
2021-05-16,krishnagiri,2.295750045776367
2021-05-17,krishnagiri,1.094624900817871
2021-05-18,krishnagiri,0.18112499713897706
2021-05-19,krishnagiri,2.6950000762939452
2021-05-20,krishnagiri,18.438250732421874
2021-05-13,kurnool,1.3491456237020372
2021-05-14,kurnool,0.006455696081813378
2021-05-15,kurnool,2.4187340072438688
2021-05-16,kurnool,0.8030695854863034
2021-05-17,kurnool,1.2804113460492483
2021-05-18,kurnool,1.1655379669575752
2021-05-19,kurnool,5.0956644951542724
2021-05-20,kurnool,12.104620438587817
2021-05-13,lakshadweep,0.0
2021-05-14,lakshadweep,0.0
2021-05-15,lakshadweep,0.0
2021-05-16,lakshadweep,0.0
2021-05-17,lakshadweep,0.0
2021-05-18,lakshadweep,0.0
2021-05-19,lakshadweep,0.0
2021-05-20,lakshadweep,0.0
2021-05-13,latur,0.0019354837075356514
2021-05-14,latur,2.2158065303679435
2021-05-15,latur,2.5201612903225805
2021-05-16,latur,0.5720160699659779
2021-05-17,latur,0.19104837602184666
2021-05-18,latur,2.6634678994455645
2021-05-19,latur,0.0598387026017712
2021-05-20,latur,0.0
2021-05-13,madurai,22.683546496975808
2021-05-14,madurai,17.23419386340726
2021-05-15,madurai,7.19032238375756
2021-05-16,madurai,0.7475806205503402
2021-05-17,madurai,1.2287096823415449
2021-05-18,madurai,0.0
2021-05-19,madurai,17.097904328377016
2021-05-20,madurai,8.164032474640877
2021-05-13,mahbubnagar,2.129354759954637
2021-05-14,mahbubnagar,0.09899999557002898
2021-05-15,mahbubnagar,1.997548355594758
2021-05-16,mahbubnagar,1.6977096065398185
2021-05-17,mahbubnagar,0.16722579463835685
2021-05-18,mahbubnagar,0.6588708692981351
2021-05-19,mahbubnagar,4.050935216103831
2021-05-20,mahbubnagar,1.2243871873424899
2021-05-13,mahe,8.00999927520752
2021-05-14,mahe,85.0
2021-05-15,mahe,68.58499145507812
2021-05-16,mahe,44.32999038696289
2021-05-17,mahe,22.595001220703125
2021-05-18,mahe,9.644998550415039
2021-05-19,mahe,23.954998016357422
2021-05-20,mahe,23.389999389648438
2021-05-13,mahesana,0.0
2021-05-14,mahesana,0.0
2021-05-15,mahesana,0.05974358778733473
2021-05-16,mahesana,8.026538555438702
2021-05-17,mahesana,7.5026918068910255
2021-05-18,mahesana,15.14923095703125
2021-05-19,mahesana,0.0033333332110673953
2021-05-20,mahesana,0.0
2021-05-13,mahisagar,0.0031578946662576576
2021-05-14,mahisagar,0.0
2021-05-15,mahisagar,0.549736876236765
2021-05-16,mahisagar,19.903419896175986
2021-05-17,mahisagar,4.110000208804482
2021-05-18,mahisagar,40.59605006167763
2021-05-19,mahisagar,0.10026315638893529
2021-05-20,mahisagar,0.0
2021-05-13,malappuram,22.320173592403016
2021-05-14,malappuram,104.69188611260776
2021-05-15,malappuram,41.142927498653016
2021-05-16,malappuram,48.31741227774784
2021-05-17,malappuram,5.6053445750269395
2021-05-18,malappuram,2.67620691759833
2021-05-19,malappuram,22.460343985721984
2021-05-20,malappuram,6.315862195245151
2021-05-13,mandsaur,0.019509802846347585
2021-05-14,mandsaur,0.010588234546137791
2021-05-15,mandsaur,0.358431386012657
2021-05-16,mandsaur,20.638135723039216
2021-05-17,mandsaur,7.451863008386948
2021-05-18,mandsaur,6.778627283432904
2021-05-19,mandsaur,1.2421569076238894
2021-05-20,mandsaur,0.001078431366705427
2021-05-13,mandya,6.041547502790179
2021-05-14,mandya,1.1416665940057664
2021-05-15,mandya,20.505118233816965
2021-05-16,mandya,4.510595049176898
2021-05-17,mandya,2.093095143636068
2021-05-18,mandya,1.3132142566499256
2021-05-19,mandya,4.621547517322359
2021-05-20,mandya,6.379880632672991
2021-05-13,medak,0.5898214067731585
2021-05-14,medak,2.4097618829636347
2021-05-15,medak,0.4461904707409087
2021-05-16,medak,5.01922607421875
2021-05-17,medak,0.06601190567016602
2021-05-18,medak,0.16047618502662295
2021-05-19,medak,2.3449403671991256
2021-05-20,medak,0.03660714342480614
2021-05-13,morbi,0.0
2021-05-14,morbi,0.0
2021-05-15,morbi,0.09154761405218215
2021-05-16,morbi,4.497262137276786
2021-05-17,morbi,14.193214053199405
2021-05-18,morbi,10.482618786039806
2021-05-19,morbi,0.018928571825935728
2021-05-20,morbi,0.0
2021-05-13,mumbaicity,0.0
2021-05-14,mumbaicity,0.0
2021-05-15,mumbaicity,0.0
2021-05-16,mumbaicity,0.0
2021-05-17,mumbaicity,0.0
2021-05-18,mumbaicity,0.0
2021-05-19,mumbaicity,0.0
2021-05-20,mumbaicity,0.0
2021-05-13,mumbaisuburban,0.0009999999776482583
2021-05-14,mumbaisuburban,1.4610000610351563
2021-05-15,mumbaisuburban,4.090999603271484
2021-05-16,mumbaisuburban,33.047000122070315
2021-05-17,mumbaisuburban,112.63499755859375
2021-05-18,mumbaisuburban,27.363003540039063
2021-05-19,mumbaisuburban,4.902000045776367
2021-05-20,mumbaisuburban,0.0
2021-05-13,mysore,10.844215542662377
2021-05-14,mysore,17.095293830422793
2021-05-15,mysore,43.67970186121323
2021-05-16,mysore,25.779605641084558
2021-05-17,mysore,1.5993137733609069
2021-05-18,mysore,2.510686238606771
2021-05-19,mysore,6.359803442861519
2021-05-20,mysore,3.156960880055147
2021-05-13,nagpur,0.017727272077040238
2021-05-14,nagpur,0.25795455412431195
2021-05-15,nagpur,0.1669318134134466
2021-05-16,nagpur,3.5902273004705254
2021-05-17,nagpur,0.3371590701016513
2021-05-18,nagpur,11.648068514737217
2021-05-19,nagpur,3.9310226440429688
2021-05-20,nagpur,0.0018749999051744287
2021-05-13,nalgonda,2.2612604734276522
2021-05-14,nalgonda,0.5142436628582097
2021-05-15,nalgonda,0.15357142536580062
2021-05-16,nalgonda,4.477352879628413
2021-05-17,nalgonda,0.013949580553199063
2021-05-18,nalgonda,0.4942016922125295
2021-05-19,nalgonda,6.841134207589286
2021-05-20,nalgonda,0.3686554532091157
2021-05-13,namakkal,6.062999267578125
2021-05-14,namakkal,0.631199951171875
2021-05-15,namakkal,13.483800048828124
2021-05-16,namakkal,1.5417999267578124
2021-05-17,namakkal,0.5127999496459961
2021-05-18,namakkal,0.069399995803833
2021-05-19,namakkal,12.74080078125
2021-05-20,namakkal,8.778799438476563
2021-05-13,nanded,0.00028089885966161665
2021-05-14,nanded,0.5441010721613851
2021-05-15,nanded,0.05056179775280899
2021-05-16,nanded,1.6030336872915203
2021-05-17,nanded,0.061011234026276666
2021-05-18,nanded,0.3371909923767776
2021-05-19,nanded,0.011516853664698226
2021-05-20,nanded,0.0
2021-05-13,nandurbar,0.0
2021-05-14,nandurbar,0.0017543858603427285
2021-05-15,nandurbar,0.8911403187534266
2021-05-16,nandurbar,10.950525116502194
2021-05-17,nandurbar,11.89929841694079
2021-05-18,nandurbar,22.252983227110747
2021-05-19,nandurbar,0.0
2021-05-20,nandurbar,0.00657894632272553
2021-05-13,narayanpur,5.019411423627068
2021-05-14,narayanpur,3.1241176829618564
2021-05-15,narayanpur,0.0
2021-05-16,narayanpur,0.00838235195945291
2021-05-17,narayanpur,0.11926470083348892
2021-05-18,narayanpur,0.0
2021-05-19,narayanpur,0.0
2021-05-20,narayanpur,0.034852939493515915
2021-05-13,narmada,0.0
2021-05-14,narmada,0.009090908549048683
2021-05-15,narmada,0.7702272588556464
2021-05-16,narmada,14.237726384943182
2021-05-17,narmada,14.207727605646307
2021-05-18,narmada,34.40636097301137
2021-05-19,narmada,0.0
2021-05-20,narmada,0.0
2021-05-13,narsimhapur,0.021931817585771732
2021-05-14,narsimhapur,0.01579545573754744
2021-05-15,narsimhapur,0.2371590787714178
2021-05-16,narsimhapur,7.738408868963068
2021-05-17,narsimhapur,2.0278408744118432
2021-05-18,narsimhapur,17.675567626953125
2021-05-19,narsimhapur,5.303636030717329
2021-05-20,narsimhapur,0.0
2021-05-13,nashik,0.027242646497838637
2021-05-14,nashik,0.028602940194747028
2021-05-15,nashik,0.5167279523961684
2021-05-16,nashik,9.574006922104779
2021-05-17,nashik,15.044778262867647
2021-05-18,nashik,17.003897274241726
2021-05-19,nashik,0.6864705927231732
2021-05-20,nashik,0.006691176225157345
2021-05-13,navsari,0.0
2021-05-14,navsari,0.0
2021-05-15,navsari,0.5039473583823756
2021-05-16,navsari,18.890525416324014
2021-05-17,navsari,65.39421001233552
2021-05-18,navsari,49.147370990953945
2021-05-19,navsari,0.0
2021-05-20,navsari,0.0
2021-05-13,neemuch,0.01555555396609836
2021-05-14,neemuch,0.00069444440305233
2021-05-15,neemuch,0.0
2021-05-16,neemuch,18.420694986979168
2021-05-17,neemuch,8.54749976264106
2021-05-18,neemuch,8.534027099609375
2021-05-19,neemuch,4.456388685438368
2021-05-20,neemuch,0.001527777769499355
2021-05-13,nellore,2.3953210673200975
2021-05-14,nellore,0.42311925625582353
2021-05-15,nellore,0.5032109951754229
2021-05-16,nellore,0.17412843616730575
2021-05-17,nellore,0.06655962970278678
2021-05-18,nellore,0.7881192548559346
2021-05-19,nellore,3.6522933539994265
2021-05-20,nellore,3.3080732713051892
2021-05-13,nizamabad,0.0379710128341896
2021-05-14,nizamabad,1.0155072419539741
2021-05-15,nizamabad,0.35521736697874207
2021-05-16,nizamabad,4.741014121235281
2021-05-17,nizamabad,0.004710144754769146
2021-05-18,nizamabad,0.0265942034514054
2021-05-19,nizamabad,0.06862319725147192
2021-05-20,nizamabad,0.11210145121035368
2021-05-13,northgoa,0.4942857197352818
2021-05-14,northgoa,28.010716029575892
2021-05-15,northgoa,41.74678257533482
2021-05-16,northgoa,65.87785993303571
2021-05-17,northgoa,2.1285715103149414
2021-05-18,northgoa,6.429285321916852
2021-05-19,northgoa,5.431428636823382
2021-05-20,northgoa,7.517499651227679
2021-05-13,osmanabad,0.16318181066802054
2021-05-14,osmanabad,0.47606060721657495
2021-05-15,osmanabad,7.169469659978693
2021-05-16,osmanabad,0.33553028106689453
2021-05-17,osmanabad,0.09272727099331943
2021-05-18,osmanabad,8.457120953184186
2021-05-19,osmanabad,0.20234847791267163
2021-05-20,osmanabad,0.0
2021-05-13,palakkad,13.124615791516426
2021-05-14,palakkad,89.53832381810898
2021-05-15,palakkad,48.82205278445513
2021-05-16,palakkad,37.6765387119391
2021-05-17,palakkad,6.619358943058894
2021-05-18,palakkad,1.862692417242588
2021-05-19,palakkad,13.9285888671875
2021-05-20,palakkad,3.898974296374199
2021-05-13,palghar,0.008936170567857457
2021-05-14,palghar,0.10191488265991211
2021-05-15,palghar,1.4857447198096743
2021-05-16,palghar,14.926169537483378
2021-05-17,palghar,91.79691655585107
2021-05-18,palghar,61.81606341422872
2021-05-19,palghar,4.942553256420379
2021-05-20,palghar,0.004042553140762004
2021-05-13,panchmahals,0.001086956456951473
2021-05-14,panchmahals,0.0
2021-05-15,panchmahals,0.2697826053785241
2021-05-16,panchmahals,13.56695556640625
2021-05-17,panchmahals,5.0204345039699385
2021-05-18,panchmahals,51.933041779891305
2021-05-19,panchmahals,0.1426086840422257
2021-05-20,panchmahals,0.0
2021-05-13,parbhani,0.006160713732242584
2021-05-14,parbhani,0.08357142550604683
2021-05-15,parbhani,0.23705356461661203
2021-05-16,parbhani,0.973839282989502
2021-05-17,parbhani,0.051428569214684625
2021-05-18,parbhani,2.1236607687813893
2021-05-19,parbhani,0.3617857183728899
2021-05-20,parbhani,0.0036607139876910617
2021-05-13,patan,0.0
2021-05-14,patan,0.0
2021-05-15,patan,0.023076921701431274
2021-05-16,patan,1.7514422490046575
2021-05-17,patan,9.611923217773438
2021-05-18,patan,8.04201918381911
2021-05-19,patan,0.00028846153201392066
2021-05-20,patan,0.0
2021-05-13,pathanamthitta,65.19318181818181
2021-05-14,pathanamthitta,93.08317427201705
2021-05-15,pathanamthitta,26.61431884765625
2021-05-16,pathanamthitta,23.637725830078125
2021-05-17,pathanamthitta,0.45409089868718927
2021-05-18,pathanamthitta,1.3281817002729936
2021-05-19,pathanamthitta,15.238636363636363
2021-05-20,pathanamthitta,4.012045426802202
2021-05-13,perambalur,0.4330769318800706
2021-05-14,perambalur,0.29423075455885667
2021-05-15,perambalur,1.8676923605111928
2021-05-16,perambalur,10.085384662334736
2021-05-17,perambalur,0.0
2021-05-18,perambalur,0.0
2021-05-19,perambalur,11.01269296499399
2021-05-20,perambalur,19.533846341646633
2021-05-13,porbandar,0.0
2021-05-14,porbandar,0.0
2021-05-15,porbandar,0.03138888875643412
2021-05-16,porbandar,0.439722220102946
2021-05-17,porbandar,9.200554741753471
2021-05-18,porbandar,2.331111060248481
2021-05-19,porbandar,0.004999999784761005
2021-05-20,porbandar,0.0
2021-05-13,prakasam,2.051335582994435
2021-05-14,prakasam,0.03458904240229358
2021-05-15,prakasam,0.3882534079355736
2021-05-16,prakasam,2.0520889073202055
2021-05-17,prakasam,0.05236301683399775
2021-05-18,prakasam,1.604554685827804
2021-05-19,prakasam,2.507260257250642
2021-05-20,prakasam,6.741403658096105
2021-05-13,pratapgarh,0.0
2021-05-14,pratapgarh,0.0
2021-05-15,pratapgarh,0.5151249885559082
2021-05-16,pratapgarh,21.651873779296874
2021-05-17,pratapgarh,4.755125045776367
2021-05-18,pratapgarh,22.123623657226563
2021-05-19,pratapgarh,3.659124755859375
2021-05-20,pratapgarh,0.0
2021-05-13,puducherry,0.0
2021-05-14,puducherry,0.0
2021-05-15,puducherry,0.0
2021-05-16,puducherry,0.0
2021-05-17,puducherry,0.0
2021-05-18,puducherry,0.0
2021-05-19,puducherry,0.0
2021-05-20,puducherry,0.0
2021-05-13,pudukkottai,3.841500091552734
2021-05-14,pudukkottai,0.4658750057220459
2021-05-15,pudukkottai,3.1493749618530273
2021-05-16,pudukkottai,0.21712498664855956
2021-05-17,pudukkottai,3.21875
2021-05-18,pudukkottai,0.0
2021-05-19,pudukkottai,1.528125
2021-05-20,pudukkottai,17.751126098632813
2021-05-13,pune,0.8946616380734551
2021-05-14,pune,7.819886630639098
2021-05-15,pune,9.673420612077068
2021-05-16,pune,13.830526022086467
2021-05-17,pune,16.59548835467575
2021-05-18,pune,3.15259385646734
2021-05-19,pune,1.474811984184093
2021-05-20,pune,0.045375938702346685
2021-05-13,raichur,0.44902775022718644
2021-05-14,raichur,0.7801388634575738
2021-05-15,raichur,7.0695139567057295
2021-05-16,raichur,0.003263888880610466
2021-05-17,raichur,0.7056944105360243
2021-05-18,raichur,0.35791662004258895
2021-05-19,raichur,1.8800000084771051
2021-05-20,raichur,1.6089583502875433
2021-05-13,raigarh,0.5617796687756554
2021-05-14,raigarh,4.560847395557468
2021-05-15,raigarh,17.057964777542374
2021-05-16,raigarh,46.536439022775426
2021-05-17,raigarh,70.51304290254237
2021-05-18,raigarh,4.470338983050848
2021-05-19,raigarh,3.1416098384533897
2021-05-20,raigarh,0.0
2021-05-13,raisen,0.045266666412353516
2021-05-14,raisen,0.003999999761581421
2021-05-15,raisen,0.9801333618164062
2021-05-16,raisen,5.929666748046875
2021-05-17,raisen,2.3367333984375
2021-05-18,raisen,5.998133138020833
2021-05-19,raisen,0.5387999471028646
2021-05-20,raisen,0.0
2021-05-13,rajgarh,0.160185178120931
2021-05-14,rajgarh,0.0
2021-05-15,rajgarh,0.7089814080132378
2021-05-16,rajgarh,11.72907398365162
2021-05-17,rajgarh,11.162776240596065
2021-05-18,rajgarh,8.598610206886574
2021-05-19,rajgarh,0.43805553294994215
2021-05-20,rajgarh,0.38425925925925924
2021-05-13,rajkot,0.0
2021-05-14,rajkot,0.0
2021-05-15,rajkot,0.07347825644672781
2021-05-16,rajkot,1.9349274566208108
2021-05-17,rajkot,23.505866451539855
2021-05-18,rajkot,11.639855426290762
2021-05-19,rajkot,0.03688405562138212
2021-05-20,rajkot,0.0
2021-05-13,rajsamand,0.0
2021-05-14,rajsamand,0.8181707800888434
2021-05-15,rajsamand,0.18987804505883193
2021-05-16,rajsamand,3.8179269185880336
2021-05-17,rajsamand,16.700242949695124
2021-05-18,rajsamand,19.00024265196265
2021-05-19,rajsamand,0.2541463433242426
2021-05-20,rajsamand,0.0
2021-05-13,ramanagara,2.381499989827474
2021-05-14,ramanagara,0.20983333587646485
2021-05-15,ramanagara,7.57633310953776
2021-05-16,ramanagara,2.609166717529297
2021-05-17,ramanagara,4.926166280110677
2021-05-18,ramanagara,4.2736668904622395
2021-05-19,ramanagara,6.405332946777344
2021-05-20,ramanagara,8.914999389648438
2021-05-13,rangareddy,1.2623436450958252
2021-05-14,rangareddy,2.2158594131469727
2021-05-15,rangareddy,0.7247655987739563
2021-05-16,rangareddy,3.218203067779541
2021-05-17,rangareddy,0.09234374016523361
2021-05-18,rangareddy,1.67578125
2021-05-19,rangareddy,2.8096094131469727
2021-05-20,rangareddy,7.812499825377017e-05
2021-05-13,ratlam,0.0
2021-05-14,ratlam,0.0
2021-05-15,ratlam,0.3313953488372093
2021-05-16,ratlam,16.79964997047602
2021-05-17,ratlam,4.844650978265807
2021-05-18,ratlam,13.082672828851743
2021-05-19,ratlam,0.15709302591723065
2021-05-20,ratlam,0.0
2021-05-13,ratnagiri,0.5320270125930374
2021-05-14,ratnagiri,3.5866212587098816
2021-05-15,ratnagiri,24.01087745460304
2021-05-16,ratnagiri,71.59594066722973
2021-05-17,ratnagiri,32.12378259607264
2021-05-18,ratnagiri,8.594391693940034
2021-05-19,ratnagiri,14.56081081081081
2021-05-20,ratnagiri,0.3047972756463128
2021-05-13,sabarkantha,0.0
2021-05-14,sabarkantha,0.0
2021-05-15,sabarkantha,0.27999998393811676
2021-05-16,sabarkantha,9.069999293277139
2021-05-17,sabarkantha,9.509343197471217
2021-05-18,sabarkantha,25.35828921669408
2021-05-19,sabarkantha,0.10315789674457751
2021-05-20,sabarkantha,0.0
2021-05-13,salem,6.050714401971726
2021-05-14,salem,0.3182142802647182
2021-05-15,salem,7.6484527587890625
2021-05-16,salem,2.145119076683408
2021-05-17,salem,0.039999998751140776
2021-05-18,salem,0.5026190621512276
2021-05-19,salem,7.844642275855655
2021-05-20,salem,14.080714634486608
2021-05-13,sangli,1.0024637415789175
2021-05-14,sangli,0.9524637858072916
2021-05-15,sangli,8.557463272758152
2021-05-16,sangli,14.025795756906703
2021-05-17,sangli,1.9739855337834014
2021-05-18,sangli,2.143912937330163
2021-05-19,sangli,0.7457970328952955
2021-05-20,sangli,0.027971013732578442
2021-05-13,satara,0.5194381971037789
2021-05-14,satara,3.5446626470330056
2021-05-15,satara,14.516066647647472
2021-05-16,satara,25.085786626580056
2021-05-17,satara,9.606910276948735
2021-05-18,satara,2.888145875395014
2021-05-19,satara,1.188707844594891
2021-05-20,satara,0.28129211168610646
2021-05-13,sehore,0.05298245580572831
2021-05-14,sehore,0.11052631077013518
2021-05-15,sehore,1.4992104245905291
2021-05-16,sehore,4.189385665090461
2021-05-17,sehore,2.6006140457956413
2021-05-18,sehore,2.5347367671498082
2021-05-19,sehore,0.20728069439268948
2021-05-20,sehore,0.0
2021-05-13,seoni,0.004935064873138032
2021-05-14,seoni,2.129740132913961
2021-05-15,seoni,0.020714284537674543
2021-05-16,seoni,4.774480646306818
2021-05-17,seoni,0.7037662159312855
2021-05-18,seoni,25.327142096185064
2021-05-19,seoni,3.583441399908685
2021-05-20,seoni,0.00922077971619445
2021-05-13,shajapur,0.3359375
2021-05-14,shajapur,0.0
2021-05-15,shajapur,1.3357813358306885
2021-05-16,shajapur,3.9056248664855957
2021-05-17,shajapur,5.444218635559082
2021-05-18,shajapur,1.8967188596725464
2021-05-19,shajapur,0.14171874523162842
2021-05-20,shajapur,0.8681250214576721
2021-05-13,shimoga,11.699609756469727
2021-05-14,shimoga,4.007656097412109
2021-05-15,shimoga,47.051170349121094
2021-05-16,shimoga,16.713436126708984
2021-05-17,shimoga,1.7132031917572021
2021-05-18,shimoga,6.004219055175781
2021-05-19,shimoga,3.821093797683716
2021-05-20,shimoga,1.1382030248641968
2021-05-13,sindhudurg,0.36784089695323596
2021-05-14,sindhudurg,24.235001997514203
2021-05-15,sindhudurg,22.384203824129973
2021-05-16,sindhudurg,76.84363902698864
2021-05-17,sindhudurg,4.617727106267756
2021-05-18,sindhudurg,7.603295066139915
2021-05-19,sindhudurg,7.252385919744318
2021-05-20,sindhudurg,4.102840770374645
2021-05-13,sirohi,0.0
2021-05-14,sirohi,0.0
2021-05-15,sirohi,0.01588888830608792
2021-05-16,sirohi,1.7651111178927952
2021-05-17,sirohi,12.570555284288194
2021-05-18,sirohi,17.908778211805554
2021-05-19,sirohi,0.029111109839545356
2021-05-20,sirohi,0.0
2021-05-13,sivaganga,8.819860670301649
2021-05-14,sivaganga,1.3268055386013455
2021-05-15,sivaganga,3.089722103542752
2021-05-16,sivaganga,0.026111109389199152
2021-05-17,sivaganga,0.005416666467984517
2021-05-18,sivaganga,0.0011111110862758425
2021-05-19,sivaganga,6.136944240993923
2021-05-20,sivaganga,19.721110026041668
2021-05-13,solapur,0.5028799743652344
2021-05-14,solapur,0.9901199340820312
2021-05-15,solapur,18.0030390625
2021-05-16,solapur,1.2334000244140626
2021-05-17,solapur,0.43496002197265626
2021-05-18,solapur,6.572599609375
2021-05-19,solapur,0.5896399536132813
2021-05-20,solapur,0.03552000427246094
2021-05-13,southgoa,1.1535293354707605
2021-05-14,southgoa,46.819709329044116
2021-05-15,southgoa,61.485588522518384
2021-05-16,southgoa,44.496467141544116
2021-05-17,southgoa,4.531470354865579
2021-05-18,southgoa,16.539118149701288
2021-05-19,southgoa,3.4447059631347656
2021-05-20,southgoa,15.219999425551471
2021-05-13,sukma,1.155777825249566
2021-05-14,sukma,0.000555555522441864
2021-05-15,sukma,0.0
2021-05-16,sukma,0.24822222391764323
2021-05-17,sukma,0.021000001165601943
2021-05-18,sukma,0.0
2021-05-19,sukma,0.0
2021-05-20,sukma,1.2005555894639757
2021-05-13,surat,0.0068918917630169845
2021-05-14,surat,0.0
2021-05-15,surat,0.38837840106036214
2021-05-16,surat,19.4993236644848
2021-05-17,surat,52.201082796663854
2021-05-18,surat,42.57310362119932
2021-05-19,surat,0.000540540528458518
2021-05-20,surat,0.0
2021-05-13,surendranagar,0.0
2021-05-14,surendranagar,0.0
2021-05-15,surendranagar,0.41554214293698233
2021-05-16,surendranagar,12.772650661238705
2021-05-17,surendranagar,15.903793886483435
2021-05-18,surendranagar,17.341926298945783
2021-05-19,surendranagar,0.02692770670695477
2021-05-20,surendranagar,0.0
2021-05-13,tapi,0.00907407369878557
2021-05-14,tapi,0.0
2021-05-15,tapi,0.4618518617418077
2021-05-16,tapi,12.89129638671875
2021-05-17,tapi,27.75
2021-05-18,tapi,36.98888708043982
2021-05-19,tapi,0.0
2021-05-20,tapi,0.13092592910484033
2021-05-13,thane,0.03166666626930237
2021-05-14,thane,0.7566666073269315
2021-05-15,thane,5.013194190131293
2021-05-16,thane,21.804860432942707
2021-05-17,thane,72.77055528428819
2021-05-18,thane,19.576805962456596
2021-05-19,thane,0.6208333439297147
2021-05-20,thane,0.032499998807907104
2021-05-13,thanjavur,5.304285321916852
2021-05-14,thanjavur,0.4432142802647182
2021-05-15,thanjavur,2.278214318411691
2021-05-16,thanjavur,0.6173214912414551
2021-05-17,thanjavur,0.31160712242126465
2021-05-18,thanjavur,0.003035714051553181
2021-05-19,thanjavur,2.7955354963030135
2021-05-20,thanjavur,16.240535191127233
2021-05-13,thedangs,0.0
2021-05-14,thedangs,0.0
2021-05-15,thedangs,0.4600000040871756
2021-05-16,thedangs,21.714285714285715
2021-05-17,thedangs,32.91535513741629
2021-05-18,thedangs,24.349644252232142
2021-05-19,thedangs,0.0
2021-05-20,thedangs,0.013928570917674474
2021-05-13,theni,14.603749593098959
2021-05-14,theni,38.499165852864586
2021-05-15,theni,13.260208129882812
2021-05-16,theni,6.137708028157552
2021-05-17,theni,1.0385416348775227
2021-05-18,theni,2.077291488647461
2021-05-19,theni,24.956873575846355
2021-05-20,theni,3.3572915395100913
2021-05-13,thenilgiris,7.89452398390997
2021-05-14,thenilgiris,35.441426595052086
2021-05-15,thenilgiris,44.512858072916664
2021-05-16,thenilgiris,19.196903773716517
2021-05-17,thenilgiris,1.691190447126116
2021-05-18,thenilgiris,3.643333071754092
2021-05-19,thenilgiris,12.41047595796131
2021-05-20,thenilgiris,2.630952380952381
2021-05-13,thiruvallur,1.5888332366943358
2021-05-14,thiruvallur,0.20116666158040364
2021-05-15,thiruvallur,1.227500025431315
2021-05-16,thiruvallur,0.15483333269755045
2021-05-17,thiruvallur,0.02700000007947286
2021-05-18,thiruvallur,0.038499999046325686
2021-05-19,thiruvallur,0.7068333307902018
2021-05-20,thiruvallur,13.263167317708334
2021-05-13,thiruvarur,8.71763128983347
2021-05-14,thiruvarur,0.5602631317941766
2021-05-15,thiruvarur,0.7513157693963302
2021-05-16,thiruvarur,0.23552633586682772
2021-05-17,thiruvarur,0.2236842105263158
2021-05-18,thiruvarur,0.09868421052631579
2021-05-19,thiruvarur,1.1263157693963302
2021-05-20,thiruvarur,10.84657849763569
2021-05-13,thrissur,40.29727450284091
2021-05-14,thrissur,126.4736328125
2021-05-15,thrissur,68.5840897993608
2021-05-16,thrissur,42.51295332475142
2021-05-17,thrissur,7.700681513006037
2021-05-18,thrissur,5.4220452742143115
2021-05-19,thrissur,21.943407925692473
2021-05-20,thrissur,6.18704570423473
2021-05-13,tiruchirappalli,5.346950624047256
2021-05-14,tiruchirappalli,1.1849999776700648
2021-05-15,tiruchirappalli,5.972560975609756
2021-05-16,tiruchirappalli,5.877073334484566
2021-05-17,tiruchirappalli,2.756829238519436
2021-05-18,tiruchirappalli,0.015365853542234839
2021-05-19,tiruchirappalli,14.039267935403963
2021-05-20,tiruchirappalli,10.729755680735519
2021-05-13,tiruppur,17.489803538602942
2021-05-14,tiruppur,11.372745289522058
2021-05-15,tiruppur,41.406273935355394
2021-05-16,tiruppur,14.901273839613971
2021-05-17,tiruppur,1.3270588295132506
2021-05-18,tiruppur,3.5151959587545956
2021-05-19,tiruppur,21.487156288296568
2021-05-20,tiruppur,1.990686154833027
2021-05-13,tiruvannamalai,3.3429593456034756
2021-05-14,tiruvannamalai,0.06969387677251077
2021-05-15,tiruvannamalai,1.0605102071956711
2021-05-16,tiruvannamalai,0.5575510141800861
2021-05-17,tiruvannamalai,0.12010202602464326
2021-05-18,tiruvannamalai,0.001734693743744675
2021-05-19,tiruvannamalai,2.329795993104273
2021-05-20,tiruvannamalai,17.325815628985968
2021-05-13,tumkur,7.1047249259529535
2021-05-14,tumkur,0.9009339888017256
2021-05-15,tumkur,8.532417716560783
2021-05-16,tumkur,0.3524175790640024
2021-05-17,tumkur,0.6001098548973
2021-05-18,tumkur,1.0103846120310354
2021-05-19,tumkur,6.421978290264423
2021-05-20,tumkur,3.584120865706559
2021-05-13,udaipur,0.0
2021-05-14,udaipur,0.03653153428086289
2021-05-15,udaipur,0.08297296472497888
2021-05-16,udaipur,9.073423643369932
2021-05-17,udaipur,11.96630639428491
2021-05-18,udaipur,31.21265528223536
2021-05-19,udaipur,0.5033783783783784
2021-05-20,udaipur,0.0
2021-05-13,udupi,16.37454501065341
2021-05-14,udupi,13.17439316258286
2021-05-15,udupi,77.41287878787878
2021-05-16,udupi,26.817575165719695
2021-05-17,udupi,8.060454397490531
2021-05-18,udupi,15.235909201882102
2021-05-19,udupi,10.150302771366004
2021-05-20,udupi,7.3230304140033144
2021-05-13,ujjain,0.006545454263687134
2021-05-14,ujjain,0.0
2021-05-15,ujjain,0.1603636308149858
2021-05-16,ujjain,10.575545987215909
2021-05-17,ujjain,4.018909246271307
2021-05-18,ujjain,3.885818204012784
2021-05-19,ujjain,0.03172727281397039
2021-05-20,ujjain,1.0943635420365767
2021-05-13,uttarakannada,2.4756322400323274
2021-05-14,uttarakannada,26.524481411637932
2021-05-15,uttarakannada,67.18207278196839
2021-05-16,uttarakannada,31.66718301005747
2021-05-17,uttarakannada,3.1214939862832254
2021-05-18,uttarakannada,19.464828315822558
2021-05-19,uttarakannada,4.211264423940373
2021-05-20,uttarakannada,10.204138043283047
2021-05-13,uttarbastarkanker,2.314999777173239
2021-05-14,uttarbastarkanker,5.524920266772074
2021-05-15,uttarbastarkanker,0.01396825389256553
2021-05-16,uttarbastarkanker,0.294047612992544
2021-05-17,uttarbastarkanker,0.18793651035853795
2021-05-18,uttarbastarkanker,0.0
2021-05-19,uttarbastarkanker,0.010476189000265939
2021-05-20,uttarbastarkanker,0.5453173925006201
2021-05-13,vadodara,0.0
2021-05-14,vadodara,0.0
2021-05-15,vadodara,0.6635293960571289
2021-05-16,vadodara,9.577499389648438
2021-05-17,vadodara,12.760882209329043
2021-05-18,vadodara,57.27499569163603
2021-05-19,vadodara,0.061470585710862106
2021-05-20,vadodara,0.0
2021-05-13,valsad,0.0
2021-05-14,valsad,0.0005769230640278413
2021-05-15,valsad,1.0974999207716722
2021-05-16,valsad,20.440960223858173
2021-05-17,valsad,77.04095928485577
2021-05-18,valsad,53.55268742487981
2021-05-19,valsad,0.048461538094740644
2021-05-20,valsad,0.0
2021-05-13,vellore,4.006700134277343
2021-05-14,vellore,0.2646999931335449
2021-05-15,vellore,1.6977000427246094
2021-05-16,vellore,0.05190000057220459
2021-05-17,vellore,0.48939998626708986
2021-05-18,vellore,0.06869999885559082
2021-05-19,vellore,1.9745001220703124
2021-05-20,vellore,19.390799560546874
2021-05-13,vidisha,0.14150792076474145
2021-05-14,vidisha,0.0
2021-05-15,vidisha,1.6387301248217385
2021-05-16,vidisha,14.983729771205358
2021-05-17,vidisha,7.910317557198661
2021-05-18,vidisha,9.738095238095237
2021-05-19,vidisha,0.7001586792961
2021-05-20,vidisha,0.0
2021-05-13,viluppuram,0.7376228707735656
2021-05-14,viluppuram,0.01655737493858963
2021-05-15,viluppuram,1.443524595166816
2021-05-16,viluppuram,2.7052457215356047
2021-05-17,viluppuram,0.011229508235806325
2021-05-18,viluppuram,0.03877049195961874
2021-05-19,viluppuram,3.619508086657915
2021-05-20,viluppuram,24.501720991290984
2021-05-13,virudunagar,20.963905334472656
2021-05-14,virudunagar,16.881874084472656
2021-05-15,virudunagar,11.097810745239258
2021-05-16,virudunagar,1.999062418937683
2021-05-17,virudunagar,0.18437498807907104
2021-05-18,virudunagar,0.2589062452316284
2021-05-19,virudunagar,2.2271876335144043
2021-05-20,virudunagar,6.025937557220459
2021-05-13,warangal,3.0899998487624445
2021-05-14,warangal,0.5785840464904245
2021-05-15,warangal,0.054646019387034186
2021-05-16,warangal,1.9372123785778486
2021-05-17,warangal,0.30911504694845826
2021-05-18,warangal,0.06938052388419093
2021-05-19,warangal,3.122035203781803
2021-05-20,warangal,1.3849114612140487
2021-05-13,wardha,0.14388887970535844
2021-05-14,wardha,0.022685183419121638
2021-05-15,wardha,0.04703703633061162
2021-05-16,wardha,3.9691665084273726
2021-05-17,wardha,0.5283333107277199
2021-05-18,wardha,5.03879631890191
2021-05-19,wardha,0.26083331637912327
2021-05-20,wardha,0.0
2021-05-13,washim,0.0083695650100708
2021-05-14,washim,0.04978260268335757
2021-05-15,washim,0.13217391138491424
2021-05-16,washim,2.2556522203528364
2021-05-17,washim,0.02641304161237634
2021-05-18,washim,1.0786956289540166
2021-05-19,washim,0.4899999784386676
2021-05-20,washim,0.0
2021-05-13,wayanad,13.695625305175781
2021-05-14,wayanad,54.25406265258789
2021-05-15,wayanad,61.1171875
2021-05-16,wayanad,49.46125030517578
2021-05-17,wayanad,3.1028125286102295
2021-05-18,wayanad,4.659374713897705
2021-05-19,wayanad,10.125312805175781
2021-05-20,wayanad,4.400312423706055
2021-05-13,westgodavari,7.795985366358901
2021-05-14,westgodavari,0.05969696695154363
2021-05-15,westgodavari,0.23469696622906308
2021-05-16,westgodavari,4.1089394309303975
2021-05-17,westgodavari,0.5798484339858546
2021-05-18,westgodavari,0.07333333564527107
2021-05-19,westgodavari,0.00022727272219278595
2021-05-20,westgodavari,1.0893939625133167
2021-05-13,westnimar,0.0
2021-05-14,westnimar,0.19749999046325684
2021-05-15,westnimar,1.4650735294117647
2021-05-16,westnimar,6.183014813591452
2021-05-17,westnimar,2.194558760699104
2021-05-18,westnimar,1.2066176919376148
2021-05-19,westnimar,0.01941176372415879
2021-05-20,westnimar,0.0
2021-05-13,y.s.r.,4.601180910125492
2021-05-14,y.s.r.,0.161299217404343
2021-05-15,y.s.r.,1.463897705078125
2021-05-16,y.s.r.,0.7737007441483145
2021-05-17,y.s.r.,1.5749999519408218
2021-05-18,y.s.r.,1.59429126649391
2021-05-19,y.s.r.,12.932913232037402
2021-05-20,y.s.r.,13.035707969365157
2021-05-13,yadgir,0.3010465045307958
2021-05-14,yadgir,0.0004651162686736085
2021-05-15,yadgir,9.863721270893896
2021-05-16,yadgir,0.01290697691052459
2021-05-17,yadgir,0.3718604597934457
2021-05-18,yadgir,0.2526744132818178
2021-05-19,yadgir,2.541278927825218
2021-05-20,yadgir,0.12976744008618732
2021-05-13,yavatmal,0.0949999922412937
2021-05-14,yavatmal,0.07762711735095008
2021-05-15,yavatmal,0.034364405324903584
2021-05-16,yavatmal,2.149660918672206
2021-05-17,yavatmal,0.28525420366707493
2021-05-18,yavatmal,0.5598728373899298
2021-05-19,yavatmal,0.07406779467049292
2021-05-20,yavatmal,0.0008474575766062333
