district,percent_flooded_area,parmanent_water,corrected_percent_flooded_area,human_fatality,human_injured,population,mean_flood_duration
Adilabad,1.209758847,0.22104424,0.988714607,174,0,802880,8.0
Agar Malwa,0.53688887,0.338892414,0.197996456,2,0,702666,6.0
Agra,4.133356464,0.10192976,4.031426704,133,32,5296620,20.0
Ahmadabad,4.222292965,0.122458085,4.09983488,177,23,8738876,12.0
Ahmadnagar,0.691347983,0.697616588,0.006268605,50,18,5113145,4.0
Aizawl,2.162077627,0.096288881,2.065788746,154,42,483635,2.0
Ajmer,0.260510002,0.05695381,0.203556192,135,23,2985855,4.0
Akola,0.880057177,0.274621796,0.605435381,106,14,2032614,4.0
Alappuzha,21.06652893,8.660110439,12.40641849,170,70,2167462,5.0
Aligarh,1.93292949,0.006094499,1.926834991,97,22,4376425,24.0
Alipurduar,4.056971682,0.017650059,4.039321623,19,0,1381430,5.0
Alirajpur,0.872416618,0.738663983,0.133752635,7,0,917115,5.0
Almora,0.649027255,0.000454012,0.648573243,0,0,618943,7.0
Alwar,0.348076896,0.005601607,0.342475289,102,15,4491235,14.0
Ambala,4.251029067,0.0,4.251029067,36,11,1296203,5.0
Ambedkar Nagar,3.80490503,0.342207082,3.462697948,44,0,2918048,22.0
Amethi,2.870234132,0.0,2.870234132,49,6,3139220,21.0
Amravati,1.132570579,0.452234552,0.680336027,430,34,3195039,5.0
Amreli,0.551647653,0.455725673,0.09592198,224,10,1650731,18.0
Amritsar,2.592469047,0.034259992,2.558209055,117,21,2748187,7.0
Amroha,3.77465624,0.02670143,3.74795481,54,3,2208108,24.0
Anand,5.640448142,0.236729361,5.403718781,42,1,2767476,22.0
Anantapur,0.698641838,0.216018195,0.482623643,118,1,4537583,10.0
Anantnag,0.462302357,0.159500867,0.30280149,81,44,1290100,4.0
Anjaw,1.599292296,0.251543379,1.347748917,5,1,24066,5.0
Anugul,1.964959616,1.692681852,0.272277764,24,0,1393181,34.0
Anuppur,0.69532992,0.16785608,0.52747384,2,0,902339,9.0
Araria,6.399493143,0.0,6.399493143,162,0,3634320,23.0
Aravalli,1.017301706,0.334042991,0.683258715,39,1,1276998,24.0
Ariyalur,2.450977499,0.08746038,2.363517119,23,4,772923,7.0
Arwal,22.2718737,0.595563792,21.67630991,85,0,591972,27.0
Ashoknagar,1.106305566,0.886532248,0.219773318,6,4,1071470,6.0
Auraiya,6.808487542,0.145826885,6.662660657,46,1,1619128,24.0
Aurangabad,2.741713494,0.192197924,2.54951557,301,46,3160597,13.0
Aurangabad,2.741713494,0.192197924,2.54951557,301,46,4525057,13.0
Aurangabad,0.75855332,0.771925606,0.013372286,301,46,3160597,13.0
Aurangabad,0.75855332,0.771925606,0.013372286,301,46,4525057,13.0
Azamgarh,6.067454778,0.055490347,6.011964431,257,11,5177742,20.0
Badgam,3.988476641,0.182326085,3.806150556,51,11,992328,6.0
Bagalkote,1.462562203,1.460163536,0.002398667,67,4,2065589,14.0
Bageshwar,0.57268385,0.001914048,0.570769802,40,13,256564,2.0
Baghpat,4.30209073,0.0,4.30209073,58,0,1340897,26.0
Bahraich,4.089125081,0.40923834,3.679886741,225,32,4156731,15.0
Baksa,3.829965692,0.097900998,3.732064694,51,1,1258285,7.0
Balaghat,1.159502036,0.086946009,1.072556027,118,108,1884118,6.0
Balangir,1.245116533,0.149789566,1.095326967,25,0,2028038,32.0
Baleshwar,12.64357177,3.878298705,8.765273065,220,5,2513933,16.0
Ballari,1.132672375,0.584051989,0.548620386,147,30,2961339,8.0
Ballia,14.2259764,0.925904877,13.30007152,312,13,3696633,18.0
Balod,0.692282824,0.717205888,0.024923064,0,0,961306,3.0
Baloda Bazar,3.669338228,0.368934666,3.300403562,0,0,1681629,2.0
Balrampur,0.665330167,0.022677673,0.642652494,58,26,853775,20.0
Balrampur,0.665330167,0.022677673,0.642652494,58,26,2570002,20.0
Balrampur,4.434421195,0.059511194,4.374910001,58,26,853775,20.0
Balrampur,4.434421195,0.059511194,4.374910001,58,26,2570002,20.0
Bametara,2.704068243,0.320047689,2.384020554,3,0,909116,2.0
Banas Kantha,0.684661264,0.116877662,0.567783602,109,2,3729629,18.0
Banda,6.835722082,0.522039626,6.313682456,87,4,2069729,22.0
Bandipore,2.552861234,0.616409408,1.936451826,30,4,378179,7.0
Bangalore,0.342520348,0.227953363,0.114566985,75,37,13403998,6.0
Banka,2.03422427,0.348262775,1.685961495,120,0,2787874,26.0
Bankura,1.837666654,0.435897763,1.401768891,203,26,3957405,35.0
Banswara,0.908342871,0.925230196,0.016887325,72,8,2229890,17.0
Bara Banki,3.016814521,0.151297728,2.865516793,202,10,3807867,13.0
Baramula,1.128824654,0.217682121,0.911142533,75,39,1224436,5.0
Baran,2.698445577,0.273336329,2.425109248,43,4,1450001,19.0
Bareilly,4.170101962,0.0,4.170101962,85,7,5352228,19.0
Bargarh,1.309118184,1.345216816,0.036098632,139,0,1562701,24.0
Barmer,0.88895207,0.014956261,0.873995809,85,8,3345308,20.0
Barnala,1.6671773,0.0,1.6671773,6,0,684088,7.0
Barpeta,13.96647843,3.478605956,10.48787247,159,5,1877307,9.0
Barwani,0.86377453,0.58771354,0.27606099,7,10,1771460,6.0
Bastar,1.887109361,0.254405482,1.632703879,9,38,948753,4.0
Basti,4.958766648,0.322726847,4.636039801,188,14,2718480,19.0
Bathinda,4.083232034,0.018454025,4.064778009,24,5,1697487,7.0
Baudh,2.608651472,0.899336006,1.709315466,30,0,520532,32.0
Begusarai,21.87259266,1.072873296,20.79971936,126,10,3830215,22.0
Belagavi,1.274110942,0.55806105,0.716049892,63,2,5439561,6.0
Bengaluru Rural,0.192307509,0.071765205,0.120542304,164,135,1355031,4.0
Betul,0.659609051,0.086627039,0.572982012,26,2,1776782,6.0
Bhadohi,12.0892717,1.079228201,11.0100435,36,0,1805095,30.0
Bhadradri Kothagudem,1.367448139,0.625093908,0.742354231,2,0,1149137,8.0
Bhadrak,10.96625941,2.562091316,8.404168094,68,0,1613470,23.0
Bhagalpur,16.20260487,2.47274559,13.72985928,161,12,3509828,20.0
Bhandara,2.564278476,0.742932408,1.821346068,91,26,1132270,5.0
Bharatpur,2.342300583,0.003684995,2.338615588,98,252,2952552,5.0
Bharuch,3.432850261,1.612396534,1.820453727,233,56,1704669,14.0
Bhavnagar,1.164791431,1.145481372,0.019310059,225,6,2765060,14.0
Bhilwara,0.795160097,0.045229947,0.74993015,85,4,2821404,20.0
Bhind,2.808721208,0.119319241,2.689401967,25,0,1937516,6.0
Bhiwani,2.188213606,0.000980524,2.187233082,31,6,1296415,5.0
Bhojpur,6.197224303,0.810391565,5.386832738,119,0,3338604,21.0
Bhopal,0.626374883,0.626869321,0.000494438,64,13,2938719,4.0
Bid,0.847814579,0.573485427,0.274329152,242,15,3032850,4.0
Bidar,1.344650341,0.577171919,0.767478422,89,7,1848763,8.0
Bijapur,2.067319021,0.119061839,1.948257182,85,20,275997,9.0
Bijnor,3.55139876,0.063788983,3.487609777,56,0,4311589,24.0
Bikaner,0.693208661,0.008307225,0.684901436,61,23,3124233,14.0
Bilaspur,1.199971728,0.445297237,0.754674491,111,9,2180689,5.0
Bilaspur,1.199971728,0.445297237,0.754674491,111,9,517758,5.0
Bilaspur,6.380614515,4.196110632,2.184503883,111,9,2180689,5.0
Bilaspur,6.380614515,4.196110632,2.184503883,111,9,517758,5.0
Birbhum,4.557102699,0.073826304,4.483276395,186,1,4082552,31.0
Bishnupur,3.487839839,3.486841412,0.000998427,1,0,299943,6.0
Biswanath,5.175865068,2.020191719,3.155673349,56,1,666698,10.0
Bokaro,1.369848729,1.347818433,0.022030296,12,1,2426002,2.0
Bongaigaon,11.75738514,3.469432123,8.287953017,79,1,803266,11.0
Botad,0.962947549,0.085839662,0.877107887,38,1,737921,17.0
Budaun,3.899941243,0.043402472,3.856538771,90,4,3653296,23.0
Bulandshahr,4.647089954,0.043817515,4.603272439,142,1,4116049,24.0
Buldana,0.570331597,0.427298223,0.143033374,92,7,2939030,3.0
Bundi,2.12987866,0.138460405,1.991418255,137,4,1323567,17.0
Burhanpur,0.821960718,0.136420671,0.685540047,15,10,917654,6.0
Buxar,5.8158623,0.526160857,5.289701443,89,0,2014287,25.0
Cachar,9.573358688,0.339758463,9.233600225,194,33,2105643,8.0
Central,7.250541685,0.0,7.250541685,5,13,1667718,3.0
Chamarajanagara,2.083532915,0.145853665,1.93767925,20,1,1089392,9.0
Chamba,0.400300346,0.191863584,0.208436762,125,13,586226,5.0
Chamoli,1.044647093,0.05612071,0.988526383,1546,75,426828,4.0
Champawat,1.472908997,0.256522301,1.216386696,26,14,293584,2.0
Champhai,0.919185436,0.0,0.919185436,9,8,136805,3.0
Chandauli,8.940225734,1.049386239,7.890839495,40,1,2179069,28.0
Chandel,0.632996,0.002124825,0.630871175,0,0,125173,7.0
Chandigarh,0.001739235,0.000745464,0.000993771,17,13,897511,2.0
Chandrapur,1.760192182,0.535308039,1.224884143,114,20,2348545,5.0
Changlang,2.538486995,0.021259348,2.517227647,4,1,183018,5.0
Charaideo,16.05397104,0.010879162,16.04309188,50,1,496227,18.0
Charki Dadri,0.854921696,0.002355435,0.852566261,2,0,545880,7.0
Chatra,0.37639693,0.036811514,0.339585416,8,3,1313082,2.0
Chengalpattu,4.817890104,2.065380723,2.752509381,36,4,3240797,10.0
Chennai,4.645634657,1.072848464,3.572786193,238,21,5558758,8.0
Chhatarpur,1.27766675,0.251215844,1.026450906,12,0,2100270,6.0
Chhindwara,0.626598635,0.382961008,0.243637627,33,6,2383077,5.0
Chikkaballapura,0.292140809,0.110670649,0.18147016,34,7,1326139,7.0
Chikkamagaluru,1.355001002,0.868566012,0.48643499,40,6,1168539,7.0
Chirang,2.875769392,0.021873585,2.853895807,56,1,616102,9.0
Chitradurga,0.426895091,0.23997582,0.186919271,99,3,1798153,9.0
Chitrakoot,2.917583682,0.454897641,2.462686041,41,3,1269815,24.0
Chittaurgarh,1.068551638,1.101782041,0.033230403,4,0,1838803,10.0
Chittoor,0.573483172,0.068957975,0.504525197,124,0,4580686,8.0
Chota Udaipur,0.859683354,0.747200646,0.112482708,22,0,1206205,16.0
Churachandpur,1.167264968,0.2279733,0.939291668,0,0,257051,7.0
Churu,0.776519408,0.00062635,0.775893058,43,14,2206492,25.0
Coimbatore,0.519629022,0.20279264,0.316836382,142,24,4180340,5.0
Cooch Behar,7.872524259,0.371070198,7.501454061,337,3,3286533,8.0
Cuddalore,6.561569456,0.689771711,5.871797745,63,10,2998319,4.0
Cuttack,13.14840204,1.638891263,11.50951078,285,2,2887779,16.0
Dadra & Nagar Haveli,3.614704922,0.645537217,2.969167705,10,0,618459,1.0
Dakshin Bastar Dantewada,1.73160173,0.05840241,1.67319932,0,0,332104,7.0
Dakshin Dinajpur,3.854366613,0.005980479,3.848386134,190,3,1838248,24.0
Dakshina Kannada,1.44861205,0.422123179,1.026488871,117,41,2388502,8.0
Daman,2.853534384,1.308995942,1.544538442,0,0,190125,7.0
Damoh,1.37672163,0.183081246,1.193640384,26,0,1437365,6.0
Darbhanga,10.08119281,0.024744941,10.05644787,207,9,4562640,18.0
Darjiling,2.014600116,0.096238867,1.918361249,548,63,1849559,11.0
Darrang,15.62408864,3.822695958,11.80139268,150,3,1126535,9.0
Datia,2.46515688,0.299925165,2.165231715,9,0,955153,6.0
Dausa,0.503371084,0.004574126,0.498796958,17,3,2162212,30.0
Davanagere,0.757147753,0.419899366,0.337248387,57,6,2110205,11.0
Debagarh,2.166747854,2.19247626,0.025728406,36,0,351390,32.0
Dehradun,1.565549733,0.084799737,1.480749996,232,17,2132260,6.0
Deoghar,0.900022929,0.088257849,0.81176508,3,0,1878226,4.0
Deoria,7.998150162,0.303328624,7.694821538,211,11,3288259,19.0
Devbhumi Dwarka,0.632384691,0.65675835,0.024373659,59,2,898223,20.0
Dewas,1.037523564,0.405980697,0.631542867,17,18,1839994,5.0
Dhalai,1.167627679,0.830802532,0.336825147,12,1,436885,4.0
Dhamtari,1.523869436,1.570806706,0.04693727,13,1,897907,1.0
Dhanbad,1.331577575,1.123698027,0.207879548,1,1,3014375,1.0
Dhar,0.815779757,0.487835201,0.327944556,14,0,2722423,5.0
Dharmapuri,0.764553583,0.519672081,0.244881502,28,4,1771524,6.0
Dharwad,0.419364228,0.136242811,0.283121417,123,30,2085599,7.0
Dhaulpur,3.16604113,0.385474633,2.780566497,62,0,1501877,21.0
Dhemaji,10.8217802,1.436232391,9.385547809,162,35,702202,9.0
Dhenkanal,1.607306371,0.725516959,0.881789412,140,0,1387551,28.0
Dhubri,11.79092943,2.559481456,9.231447974,141,3,1376422,12.0
Dhule,0.703409115,0.475721838,0.227687277,58,4,2456650,4.0
Dibrugarh,14.95295738,3.039084044,11.91387334,147,47,1510242,10.0
Dima Hasao,1.849797408,0.192925704,1.656871704,41,1,288305,8.0
Dimapur,1.720970931,0.004473913,1.716497018,1,0,510639,4.0
Dindigul,0.458409501,0.079067201,0.3793423,52,12,2457758,6.0
Dindori,1.451159302,0.207929959,1.243229343,3,0,917721,7.0
Diu,5.79981831,4.979981831,0.819836479,0,0,67412,7.0
Doda,0.541398151,0.270867996,0.270530155,122,34,563657,4.0
Dohad,0.331645594,0.201923678,0.129721916,25,0,2742293,25.0
Dumka,0.826039058,0.598250003,0.227789055,8,0,1522340,6.0
Dungarpur,0.586707161,0.388930127,0.197777034,10,3,1670388,30.0
Durg,1.029480865,0.598727155,0.43075371,16,0,2010685,2.0
East,0.1,0.0,0.1,0,0,1368632,7.0
East District,0.934153719,0.10298745,0.831166269,146,8,337891,2.0
East Garo Hills,0.691122728,0.004744409,0.686378319,20,0,188522,4.0
East Godavari,6.191781457,2.48908494,3.702696517,222,1,5569277,9.0
East Jaintia Hills,1.649728103,0.02228155,1.627446553,4,0,150787,5.0
East Kameng,1.388336152,0.061410827,1.326925325,0,0,87734,2.0
East Khasi Hills,1.226830999,0.077062889,1.14976811,20,9,1005453,2.0
East Nimar,1.041803014,1.03067221,0.011130804,4,0,1518478,7.0
East Siang,3.916385666,1.35629866,2.560087006,13,668,86959,6.0
Ernakulam,5.103357738,3.843019755,1.260337983,136,61,3428525,5.0
Erode,1.28966656,0.635350328,0.654316232,64,9,2286982,6.0
Etah,1.185341675,0.000451786,1.184889889,106,1,2068262,23.0
Etawah,8.738456012,0.23711024,8.501345772,184,13,1845391,18.0
Faizabad,4.054677701,0.247188018,3.807489683,207,5,3092832,18.0
Faridabad,6.911149485,0.0,6.911149485,14,2,2383525,7.0
Faridkot,4.441457773,0.0,4.441457773,15,1,659286,5.0
Farrukhabad,6.314129092,0.099039455,6.215089637,76,0,2145188,20.0
Fatehabad,9.544000142,0.0,9.544000142,4,6,1056284,6.0
Fatehgarh Sahib,0.476176498,0.0,0.476176498,37,1,640240,5.0
Fatehpur,6.194245238,0.497518236,5.696727002,94,1,3038415,16.0
Fazilka,4.742047502,0.0,4.742047502,13,0,1143916,7.0
Firozabad,4.216316792,0.0,4.216316792,62,21,2948291,21.0
Firozpur,8.113945312,0.027828753,8.086116559,79,1,1057444,8.0
Gadag,0.935237691,0.161614128,0.773623563,82,8,1218001,10.0
Gadchiroli,1.859313068,0.196356508,1.66295656,90,15,1183215,4.0
Gajapati,0.776854184,0.1973271,0.579527084,25,0,638094,29.0
Ganderbal,1.994547665,0.499016366,1.495531299,58,13,559525,6.0
Gandhinagar,1.280221069,0.000328815,1.279892254,49,2,1324292,25.0
Ganganagar,6.604699359,0.009686833,6.595012526,31,1,2163051,21.0
Ganjam,3.782362954,1.187000815,2.595362139,391,2,3912072,23.0
Garhwa,0.838209479,0.290692695,0.547516784,10,0,1689634,2.0
Garhwal,1.014386007,0.69594354,0.318442467,171,7,727119,7.0
Gariaband,0.872452961,0.366717302,0.505735659,0,0,777859,7.0
Gautam Buddha Nagar,4.671283575,0.002840861,4.668442714,59,4,2613780,25.0
Gaya,3.47076538,0.000225598,3.470539782,122,0,5429170,23.0
Ghaziabad,2.474121961,0.0,2.474121961,70,2,4601786,24.0
Ghazipur,9.244698358,0.864783267,8.379915091,97,3,4171506,20.0
Gir Somnath,0.779801587,0.532788711,0.247012876,62,5,1353212,20.0
Giridih,0.488850861,0.045970652,0.442880209,12,0,3023152,4.0
Goalpara,15.877175,3.270135105,12.6070399,158,5,1063871,10.0
Godda,0.351053647,0.042063828,0.308989819,16,0,1541633,5.0
Golaghat,13.18454925,1.593594635,11.59095462,83,5,1310870,9.0
Gomati,2.520489489,0.002801781,2.517687708,10,1,559331,4.0
Gonda,2.9367264,0.067902889,2.868823511,196,4,4066976,15.0
Gondiya,1.020830235,0.911616345,0.10921389,35,10,1579976,5.0
Gopalganj,5.900053501,0.432458286,5.467595215,129,10,2913408,24.0
Gorakhpur,10.44474452,0.35299449,10.09175003,312,11,5059142,18.0
Gumla,0.738034735,0.061045269,0.676989466,8,0,1266667,4.0
Guna,0.595168951,0.137757934,0.457411017,63,2,1461635,6.0
Guntur,10.2423074,0.999528068,9.242779332,188,108,5374652,8.0
Gurdaspur,8.104089132,0.113656362,7.99043277,92,3,1740157,6.0
Gurugram,1.190106782,0.025213178,1.164893604,9,0,2517256,7.0
Gwalior,0.637436542,0.480315571,0.157120971,46,2,2515503,5.0
Hailakandi,17.39218508,0.052376525,17.33980856,73,6,765445,9.0
Hamirpur,0.722347337,0.097059815,0.625287522,219,20,502514,10.0
Hamirpur,0.722347337,0.097059815,0.625287522,219,20,1250794,10.0
Hamirpur,6.709509044,0.665130154,6.04437889,219,20,502514,10.0
Hamirpur,6.709509044,0.665130154,6.04437889,219,20,1250794,10.0
Hanumangarh,3.719727987,0.012851681,3.706876306,12,0,2002775,7.0
Hapur,1.533241589,0.006144137,1.527097452,58,1,1831968,28.0
Harda,1.414901297,0.286810929,1.128090368,9,3,669689,6.0
Hardoi,4.375049349,0.028511914,4.346537435,77,3,4789431,16.0
Hardwar,2.049997612,0.174571933,1.875425679,15,0,2449262,6.0
Hassan,0.65942209,0.611212696,0.048209394,61,28,1843387,9.0
Hathras,1.329597887,0.0,1.329597887,46,0,1789810,27.0
Haveri,1.243636673,0.202049296,1.041587377,67,4,1601523,13.0
Hazaribagh,0.550169328,0.473117617,0.077051711,1,1,2130620,1.0
Hingoli,1.332394248,1.334570744,0.002176496,82,5,1419813,4.0
Hisar,4.240875674,0.000529024,4.24034665,54,3,1943429,8.0
Hojai,5.264427439,0.109771283,5.154656156,57,1,1112181,10.0
Hooghly,9.728119034,0.332437756,9.395681278,175,18,5689338,10.0
Hoshangabad,2.346467017,0.970690301,1.375776716,53,0,1371450,5.0
Hoshiarpur,1.124097105,0.108432652,1.015664453,77,1,1743086,7.0
Howrah,22.79593904,3.23081923,19.56511981,170,8,4370011,9.0
Hyderabad,0.522269753,0.52199262,0.000277133,101,4,3345250,7.0
Idukki,0.789197649,0.784504282,0.004693367,275,71,1048101,4.0
Imphal East,11.82536756,0.032628883,11.79273868,2,0,434974,5.0
Imphal West,3.366895401,0.042914083,3.323981318,2,0,589610,5.0
Indore,0.351694942,0.088367293,0.263327649,57,6,4193901,5.0
Jabalpur,1.701345896,1.091398785,0.609947111,54,6,2843254,5.0
Jagatsinghapur,3.152171799,3.230232986,0.078061187,44,0,1268480,31.0
Jagitial,1.696878929,0.394204469,1.30267446,1,0,1063443,14.0
Jaipur,0.300794996,0.001876113,0.298918883,190,14,8193632,12.0
Jaisalmer,0.490864938,0.007376732,0.483488206,64,14,848518,7.0
Jajapur,12.17977255,0.632633041,11.54713951,33,0,2048302,30.0
Jalandhar,5.423173348,0.0,5.423173348,56,39,2446748,6.0
Jalaun,5.196857221,0.392709551,4.80414767,145,6,1897451,22.0
Jalgaon,1.523114248,0.504330321,1.018783927,75,26,4760079,3.0
Jalna,0.710994286,0.649960977,0.061033309,157,13,2330103,5.0
Jalor,1.350286581,0.005874951,1.34441163,113,4,2252706,25.0
Jalpaiguri,4.914165317,0.3463879,4.567777417,366,20,2766173,17.0
Jammu,2.064462057,0.475037449,1.589424608,274,80,1766664,5.0
Jamnagar,0.665233515,0.663125755,0.00210776,236,8,1509267,20.0
Jamtara,1.614168247,0.953600878,0.660567369,1,0,923311,6.0
Jamui,0.5711396,0.157890825,0.413248775,80,0,2203798,29.0
Jangoan,0.433243486,0.315476097,0.117767389,1,0,609289,14.0
Janjgir - Champa,2.305607554,0.376710728,1.928896826,2,2,2018726,2.0
Jashpur,0.612002702,0.04317362,0.568829082,2,0,942821,1.0
Jaunpur,4.255610411,0.012266083,4.243344328,200,1,4985265,19.0
Jayashankar,5.683848444,0.464301349,5.219547095,4,1,423171,18.0
Jehanabad,10.28041514,0.001189369,10.27922577,87,0,1409612,27.0
Jhabua,0.409073564,0.130395664,0.2786779,3,0,1290473,7.0
Jhajjar,1.433630243,0.004170675,1.429459568,4,0,999200,7.0
Jhalawar,1.321031828,0.380898218,0.94013361,35,6,1669164,17.0
Jhansi,2.23315222,0.409255286,1.823896934,127,3,2198410,27.0
Jhargram,1.847517048,0.072751655,1.774765393,0,0,1247343,7.0
Jharsuguda,2.936283719,3.100195768,0.163912049,44,0,621362,31.0
Jhunjhunun,0.337331328,0.000184082,0.337147246,22,2,2449782,6.0
Jind,1.133905451,0.0,1.133905451,31,6,1489426,6.0
Jiribam,5.343630309,0.111022838,5.232607471,0,0,56027,7.0
Jodhpur,0.356570143,0.004713804,0.351856339,154,9,4624883,13.0
Jogulamba Gadwal,2.863639705,1.45893785,1.404701855,1,0,677578,34.0
Jorhat,7.736947443,1.082349707,6.654597736,205,4,1037431,13.0
Junagadh,1.288798667,0.096341257,1.19245741,272,12,1644700,16.0
Kabeerdham,0.818669924,0.253989706,0.564680218,0,0,1131600,2.0
Kachchh,12.67467755,9.585998161,3.088679389,123,10,2654359,24.0
Kaimur (Bhabua),2.869921368,0.262638721,2.607282647,88,0,1966164,27.0
Kaithal,3.116757085,0.00046637,3.116290715,30,3,1238219,6.0
Kakching,3.624802358,0.104413907,3.520388451,0,0,180789,7.0
Kalaburagi,1.1108725,0.548079914,0.562792586,112,16,2925453,8.0
Kalahandi,0.969360733,0.57131064,0.398050093,149,0,1864838,22.0
Kalimpong,1.209230259,0.250831636,0.958398623,12,0,214033,6.0
Kallakurichi,1.726935239,0.016931089,1.71000415,20,4,1575629,10.0
Kamareddy,1.880129371,0.928824065,0.951305306,6,1,1051890,20.0
Kamjong,0.610853038,0.129302233,0.481550805,0,0,61519,7.0
Kamle,2.140222737,0.304270955,1.835951782,3,1,25202,5.0
Kamrup,10.03897902,1.476174408,8.562804612,181,13,1546068,8.0
Kamrup Metropolitan,14.80454405,1.622970103,13.18157395,7,2,1437551,1.0
Kancheepuram,2.694220448,0.935998334,1.758222114,28,6,1542112,6.0
Kandhamal,0.573783436,0.032063654,0.541719782,142,0,832740,26.0
Kangpokpi,0.701396511,0.166897675,0.534498836,0,0,268532,7.0
Kangra,1.044453548,0.966952237,0.077501311,173,58,1693351,4.0
Kannauj,3.637205694,0.028212116,3.608993578,71,7,1938161,21.0
Kanniyakumari,0.216023548,0.214453049,0.001570499,50,5,2092603,6.0
Kannur,3.447996641,1.090489394,2.357507247,153,53,2666656,5.0
Kanpur Dehat,3.309974643,0.222688571,3.087286072,131,4,2010692,16.0
Kanpur Nagar,5.234616541,0.360877047,4.873739494,112,1,4932257,20.0
Kapurthala,3.634049856,0.260845183,3.373204673,85,2,865875,6.0
Karaikal,1.148059852,1.327174677,0.179114825,2,0,220595,5.0
Karauli,0.633480722,0.197979321,0.435501401,10,3,1777972,35.0
Karbi Anglong,1.843407844,0.000151248,1.843256596,66,5,693265,20.0
Kargil,0.468179461,0.181839586,0.286339875,46,1,154801,1.0
Karimganj,22.54591712,0.019195636,22.52672148,116,14,1393118,11.0
Karimnagar,1.016544336,1.029366402,0.012822066,140,1,1113366,7.0
Karnal,3.351988487,0.003219511,3.348768976,27,7,1700198,6.0
Karur,1.785192578,0.062914047,1.722278531,23,4,1234912,7.0
Kasaragod,3.02140911,0.717632918,2.303776192,108,40,1320168,6.0
Kasganj,11.5492555,0.061598326,11.48765717,45,3,1633713,26.0
Kathua,1.038752523,0.993134601,0.045617922,112,21,639161,4.0
Katihar,13.34677951,1.934686307,11.4120932,221,2,3735857,20.0
Katni,1.074565636,0.544194583,0.530371053,10,0,1481656,6.0
Kaushambi,5.838259619,0.615851316,5.222408303,41,1,1981279,21.0
Kendrapara,23.2512603,4.951021358,18.30023894,57,0,1692082,24.0
Kendujhar,1.491690841,0.370501647,1.121189194,54,3,2118363,20.0
Khagaria,12.48011269,0.872843213,11.60726948,166,10,2060105,23.0
Khammam,0.560077929,0.458663756,0.101414173,177,0,1521069,7.0
Kheda,2.857113599,0.01148306,2.845630539,102,6,2023119,15.0
Kheri,7.086100462,0.145950617,6.940149845,146,6,4820329,16.0
Khordha,3.367308168,1.214771584,2.152536584,28,0,2574912,29.0
Khowai,0.889218209,0.0,0.889218209,10,1,324410,4.0
Khunti,0.760830841,0.025055895,0.735774946,3,2,661665,2.0
Kinnaur,0.710681995,0.171089112,0.539592883,225,64,87703,5.0
Kiphire,1.066560501,0.0,1.066560501,4,0,54731,19.0
Kishanganj,9.339752372,0.190724422,9.14902795,143,0,2214692,22.0
Kishtwar,0.405119324,0.12316298,0.281956344,55,29,231938,5.0
Kodagu,0.795547476,0.154509876,0.6410376,57,17,575814,6.0
Kodarma,0.4952359,0.493650006,0.001585894,1,0,894355,2.0
Kohima,0.321623488,0.0,0.321623488,5,0,311382,6.0
Kokrajhar,2.564133007,0.046972576,2.517160431,71,1,1311786,13.0
Kolar,0.261632224,0.109739276,0.151892948,78,21,1625062,8.0
Kolasib,1.964392845,0.380323566,1.584069279,7,0,125377,4.0
Kolhapur,1.531674907,0.739128811,0.792546096,258,32,3952672,4.0
Kolkata,12.06523072,10.21461453,1.85061619,262,79,2896202,3.0
Kollam,2.689873614,2.697055096,0.007181482,177,60,2503307,5.0
Kondagaon,1.123981488,0.045498909,1.078482579,0,0,656011,7.0
Koppal,1.056602421,0.555929835,0.500672586,74,3,1551558,11.0
Koraput,1.383903026,1.198572767,0.185330259,198,4,1573932,18.0
Korba,1.961395836,1.651028381,0.310367455,1,1,1414402,2.0
Koriya,0.581343442,0.102575658,0.478767784,1,0,763582,1.0
Kota,2.883610805,0.503964127,2.379646678,206,266,2286428,12.0
Kottayam,3.699266664,2.178531176,1.520735488,200,90,2015065,5.0
Kozhikode,1.40055533,0.599372106,0.801183224,181,45,3349063,5.0
Kra Daadi,1.846265574,0.008415915,1.837849659,7,2,93220,5.0
Krishna,4.604283716,3.894573341,0.709710375,210,1,4751934,8.0
Krishnagiri,1.019903242,0.155619892,0.86428335,35,4,2151735,6.0
Kulgam,0.367091191,0.344100009,0.022991182,49,7,578651,6.0
Kullu,0.26843604,0.052025107,0.216410933,371,205,460044,4.0
Kumuram Bheem Asifabad,1.762360552,0.6274381,1.134922452,1,0,561927,1.0
Kupwara,0.534056594,0.014099434,0.51995716,37,2,1053524,5.0
Kurnool,0.793739864,0.504632198,0.289107666,161,108,4618046,7.0
Kurukshetra,5.505038063,0.003818992,5.501219071,17,0,1080970,7.0
Kurung Kumey,0.581168345,0.025194178,0.555974167,17,3,77223,4.0
Kushinagar,4.446808531,0.238357002,4.208451529,38,0,4300787,25.0
Lahul & Spiti,0.310107104,0.321979852,0.011872748,58,1,31023,6.0
Lakhimpur,15.4979388,1.049242136,14.44869666,214,39,1161342,9.0
Lakhisarai,12.2823616,0.192831525,12.08953008,89,0,1174729,25.0
Lakshadweep,17.42627711,13.42627711,4.0,0,0,60324,7.0
Lalitpur,1.497263878,1.506086959,0.008823081,35,4,1495673,25.0
Latehar,0.573164859,0.027933586,0.545231273,1,0,974550,2.0
Latur,0.559348532,0.350302784,0.209045748,54,6,2795413,4.0
Lawngtlai,2.814060532,0.021722019,2.792338513,12,2,149520,3.0
Leh,0.46868104,0.486956079,0.018275039,162,30,158993,1.0
Lepa Rada,0.870628148,0.0,0.870628148,3,1,22468,5.0
Lohardaga,0.868753763,0.077224984,0.791528779,7,0,575951,2.0
Lohit,2.719050727,0.57149925,2.147551477,14,1,51927,6.0
Longding,0.638916752,0.0,0.638916752,4,1,60400,5.0
Longleng,2.847941427,0.010400483,2.837540944,0,0,30296,7.0
Lower Dibang Valley,1.560368914,0.162468901,1.397900013,5,1,59491,4.0
Lower Siang,2.214148435,0.042159747,2.171988688,4,1,19141,5.0
Lower Subansiri,0.836132857,0.006756278,0.829376579,12,1,99671,5.0
Lucknow,1.996226278,0.00696436,1.989261918,175,10,5804005,17.0
Ludhiana,4.786805709,0.007473247,4.779332462,70,1,3965684,7.0
Lunglei,2.6734292,0.01244799,2.66098121,12,0,188482,4.0
Madhepura,3.91579591,0.008027921,3.907767989,156,0,2498415,24.0
Madhubani,3.784620529,0.037751436,3.746869093,216,10,5126077,19.0
Madurai,1.022103303,0.009182441,1.012920862,56,54,3384080,7.0
Mahabubabad,0.514342184,0.26668014,0.247662044,4,0,802801,8.0
Mahabubnagar,0.520380467,0.103573838,0.416806629,40,0,1071711,6.0
Mahasamund,0.960933082,0.333392516,0.627540566,5,56,1179980,4.0
Mahe,1.6545,1.410606801,0.243893199,0,0,50846,7.0
Mahendragarh,0.562223928,0.000562973,0.561660955,2,0,970462,7.0
Mahesana,0.776246826,0.08453985,0.691706976,68,3,2169424,26.0
Mahisagar,2.501932587,1.803625613,0.698306974,33,1,1041596,25.0
Mahoba,0.539052412,0.300865401,0.238187011,35,1,1077440,26.0
Mahrajganj,3.336576576,0.082956237,3.253620339,36,0,3375140,27.0
Mainpuri,3.043030701,0.0,3.043030701,111,1,2193399,24.0
Majuli,13.12975694,4.888294451,8.241462489,54,1,147155,11.0
Malappuram,1.938819937,0.260316709,1.678503228,161,50,4458146,5.0
Maldah,11.77624381,2.419208171,9.357035639,221,53,4260890,11.0
Malkangiri,1.711137196,1.784198785,0.073061589,30,0,757865,29.0
Mamit,1.381857077,0.0,1.381857077,7,0,138551,3.0
Mancherial,2.37206874,1.035405769,1.336662971,1,0,750195,10.0
Mandi,0.910437082,0.174020686,0.736416396,187,26,1131583,4.0
Mandla,1.57739714,0.911846658,0.665550482,10,0,1110768,7.0
Mandsaur,1.435703116,1.47147063,0.035767514,27,1,1424619,5.0
Mandya,2.146957544,0.730831983,1.416125561,43,4,1886354,10.0
Mansa,2.763547618,0.004390434,2.759157184,37,0,742955,5.0
Mathura,4.807455013,0.0,4.807455013,115,5,3064227,23.0
Mau,4.820667589,0.274573764,4.546093825,50,0,2493398,24.0
Mayurbhanj,1.289395367,0.185356663,1.104038704,40,2,2891283,23.0
Medak,1.038975884,0.130629891,0.908345993,38,1,858985,14.0
Medchal Malkajgiri,0.338814937,0.108188415,0.230626522,6,1,3917267,15.0
Medinipur West,7.838525951,0.025978003,7.812547948,294,10,5510554,10.0
Meerut,3.284379909,0.007909836,3.276470073,213,10,3877321,21.0
Mirpur,2.033481738,1.696173528,0.33730821,29,0,7110,8.0
Mirzapur,4.158753681,1.473547713,2.685205968,206,0,3135271,21.0
Moga,2.73145838,0.0,2.73145838,8,1,1027279,6.0
Mokokchung,1.200974196,0.0,1.200974196,0,0,168849,7.0
Mon,2.746283665,0.00464644,2.741637225,0,0,228717,7.0
Moradabad,3.838687956,0.0,3.838687956,200,1,3696840,22.0
Morbi,0.897578925,1.089593543,0.192014618,48,2,1099951,21.0
Morena,3.024035354,0.36602215,2.658013204,57,0,2318601,5.0
Morigaon,15.71118817,2.221938191,13.48924998,81,3,1127394,8.0
Mulugu,2.920152054,0.667449464,2.25270259,17,0,308187,8.0
Mumbai,0.013175876,0.012175873,0.001000003,1016,437,2831580,3.0
Mumbai Suburban,0.915654785,0.914657543,0.000997242,145,77,10791581,3.0
Mungeli,2.354397777,0.519156343,1.835241434,2,4,784748,2.0
Munger,15.77841256,2.040092021,13.73832054,134,4,1690301,22.0
Murshidabad,11.63868869,1.234154397,10.40453429,435,9,8350690,23.0
Muzaffarabad,0.705240174,0.275433011,0.429807163,29,0,9108,8.0
Muzaffarnagar,1.484914141,0.003804991,1.48110915,146,13,3353539,21.0
Muzaffarpur,11.95012947,0.19126057,11.7588689,201,18,6144680,19.0
Mysuru,1.66900183,1.291071277,0.377930553,75,14,3330925,8.0
Nabarangapur,0.945022433,0.509433477,0.435588956,3,0,1425811,8.0
Nadia,10.67147424,0.744726558,9.926747682,230,3,5440236,24.0
Nagaon,13.62634202,0.20685283,13.41948919,144,5,2348489,8.0
Nagapattinam,12.49792911,4.028133598,8.469795512,81,5,1816255,6.0
Nagarkurnool,2.158570923,0.873611522,1.284959401,1,0,978724,10.0
Nagaur,0.318324761,0.004782392,0.313542369,30,0,3826407,24.0
Nagpur,1.535057736,1.136796464,0.398261272,689,78,5242373,3.0
Nainital,0.775389314,0.026065252,0.749324062,91,6,1104668,3.0
Nalanda,17.26579914,0.017069197,17.24872994,108,0,3649192,23.0
Nalbari,8.823179287,2.234621552,6.588557735,130,1,978546,10.0
Nalgonda,1.110181564,1.121014225,0.010832661,67,2,1795837,8.0
Namakkal,0.411626715,0.022086664,0.389540051,29,4,2030160,8.0
Namsai,4.082402322,0.299110207,3.783292115,4,1,120106,5.0
Nanded,1.586913636,0.436541633,1.150372003,262,34,3861544,4.0
Nandurbar,1.936180535,1.1061674,0.830013135,43,6,2039682,4.0
Narayanpet,1.584991037,0.815999907,0.76899113,11,0,669576,5.0
Narayanpur,0.591873275,0.019401894,0.572471381,6,2,120311,2.0
Narmada,5.679248253,2.564251605,3.114996648,47,0,694589,11.0
Narsimhapur,2.214872889,0.238163477,1.976709412,14,0,1275736,7.0
Nashik,0.73876734,0.729292944,0.009474396,158,70,7301954,3.0
Navsari,2.899986996,0.636447966,2.26353903,79,6,1457183,21.0
Nawada,1.840779083,0.079535975,1.761243108,98,23,2765346,25.0
Nayagarh,4.840654376,0.392848482,4.447805894,36,0,1012257,29.0
Neemuch,1.80618778,1.853193024,0.047005244,14,1,905934,6.0
New Delhi,0.014199219,0.0,0.014199219,21,20,1064852,3.0
Nicobars,0.090612489,0.0,0.090612489,0,0,27340,7.0
Nirmal,2.495939442,1.345821289,1.150118153,2,0,747102,10.0
Niwari,2.347448333,0.208926357,2.138521976,2,0,474884,8.0
Nizamabad,1.414979667,1.37012829,0.044851377,95,1,1716963,8.0
Noney,2.73207358,0.05487921,2.67719437,56,18,58122,6.0
North,1.725427554,0.0,1.725427554,19,9,2128488,3.0
North  & Middle Andaman,1.3148171,0.0,1.3148171,0,0,101677,1.0
North  District,0.608832673,0.545185157,0.063647516,88,16,44583,3.0
North East,1.464774777,0.0,1.464774777,2,7,1444919,3.0
North Garo Hills,1.505747627,0.0,1.505747627,13,0,191024,5.0
North Goa,4.159637042,2.577757251,1.581879791,7,4,718288,4.0
North Tripura,1.542869002,0.0,1.542869002,96,1,417050,4.0
North Twenty Four Pargan*,18.6648469,7.43925593,11.22559097,294,16,10544399,19.0
North West,0.1,0.0,0.1,2,4,2287355,3.0
Nuapada,1.647190051,0.35257892,1.294611131,25,0,702602,34.0
Nuh,0.669910248,0.0,0.669910248,2,0,1279625,7.0
Osmanabad,0.279521656,0.27922672,0.000294936,137,10,1913512,4.0
Pakke Kessang,1.745384121,0.023431627,1.721952494,3,1,18414,5.0
Pakur,3.841519374,0.015471341,3.826048033,1,0,1077497,6.0
Palakkad,2.435607291,0.550109826,1.885497465,104,38,3024581,6.0
Palamu,1.260455563,0.197368643,1.06308692,23,1,2294123,8.0
Palghar,2.015211138,1.112239022,0.902972116,78,4,3787472,3.0
Pali,0.420034216,0.028374093,0.391660123,136,8,2254626,18.0
Palwal,1.788990887,0.0,1.788990887,2,0,1312139,7.0
Panch Mahals,0.963141904,0.574815885,0.388326019,86,2,1953336,22.0
Panchkula,0.322349702,0.040273471,0.282076231,18,6,597239,4.0
Panipat,1.825319296,0.0,1.825319296,19,0,1456085,6.0
Panna,0.90658603,0.165583402,0.741002628,8,0,1214594,7.0
Papum Pare,0.846868747,0.021507801,0.825360946,73,9,245559,4.0
Parbhani,3.612234955,0.631474073,2.980760882,230,15,2068053,4.0
Paschim Bardhaman,2.156244683,0.422563785,1.733680898,117,0,3727296,13.0
Pashchim Champaran,6.581510908,0.22060865,6.360902258,194,11,4925046,20.0
Pashchimi Singhbhum,0.910148694,0.04196336,0.868185334,2,0,1744372,3.0
Patan,2.72529709,0.128901094,2.596395996,48,2,1464752,25.0
Pathanamthitta,1.224907042,0.233181386,0.991725656,132,30,1320089,6.0
Pathankot,2.474306677,1.207937139,1.266369538,6,0,713016,7.0
Patiala,4.903037722,0.000974475,4.902063247,80,74,2269761,5.0
Patna,20.26981192,1.449192516,18.8206194,381,30,6868950,16.0
Peddapalli,3.699961317,1.102681823,2.597279494,1,0,919259,10.0
Perambalur,0.714228873,0.002767237,0.711461636,32,4,600175,8.0
Peren,0.587829484,0.001342531,0.586486953,1,0,96231,4.0
Phek,1.968885678,0.002356585,1.966529093,2,2,164195,4.0
Pherzawl,2.387954764,0.021159458,2.366795306,0,0,54252,7.0
Pilibhit,3.104616978,0.672146699,2.432470279,98,1,2398821,23.0
Pithoragarh,0.525534276,0.108953862,0.416580414,1636,21,510103,3.0
Porbandar,5.378579118,0.51266173,4.865917388,49,2,660431,12.0
Prakasam,1.152408401,0.273749091,0.87865931,177,0,3731704,8.0
Pratapgarh,0.34101676,0.239472067,0.101544693,165,9,1070109,23.0
Pratapgarh,0.34101676,0.239472067,0.101544693,165,9,3854756,23.0
Pratapgarh,3.66688256,0.018238429,3.648644131,165,9,1070109,23.0
Pratapgarh,3.66688256,0.018238429,3.648644131,165,9,3854756,23.0
Prayagraj,8.8123858,0.784955122,8.027430678,277,5,7094453,18.0
Puducherry,1.760373358,0.820562264,0.939811094,6,0,1148821,4.0
Pudukkottai,0.699430563,0.085746267,0.613684296,46,4,1827769,6.0
Pulwama,3.270901569,0.279219117,2.991682452,76,17,1008086,4.0
Punch,0.738012141,0.059684491,0.67832765,155,13,697454,4.0
Pune,1.079353461,1.091416421,0.01206296,547,119,11979873,2.0
Purba Bardhaman,8.794297365,0.24975544,8.544541925,45,0,4891157,34.0
Purba Champaran,9.508604013,0.12116348,9.387440533,184,20,6322257,19.0
Purba Medinipur,17.52355839,2.04670632,15.47685207,302,17,5760374,10.0
Purbi Singhbhum,1.736697053,0.089703785,1.646993268,32,0,2787911,3.0
Puri,18.91181616,18.5900097,0.32180646,267,0,1855870,22.0
Purnia,6.353941784,0.033127573,6.320814211,166,0,4127576,21.0
Puruliya,0.817297747,0.509342358,0.307955389,54,0,3407465,32.0
Rae Bareli,5.209973941,0.023735469,5.186238472,45,0,2819588,30.0
Raichur,1.42584206,0.565825072,0.860016988,141,34,2140588,8.0
Raigarh,1.171171998,0.340147342,0.831024656,328,93,1654533,3.0
Raigarh,1.171171998,0.340147342,0.831024656,328,93,3072698,3.0
Raigarh,2.063545631,2.02693479,0.036610841,328,93,1654533,3.0
Raigarh,2.063545631,2.02693479,0.036610841,328,93,3072698,3.0
Raipur,1.037598285,0.445146211,0.592452074,39,66,2814996,3.0
Raisen,1.851820563,0.547154614,1.304665949,56,12,1582981,5.0
Rajanna Sircilla,0.563623248,0.564767428,0.00114418,1,0,587140,9.0
Rajgarh,0.937282124,0.464455125,0.472826999,21,3,1797738,5.0
Rajkot,0.801285355,0.493588848,0.307696507,1726,8,3534875,18.0
Rajnandgaon,0.602269912,0.353818517,0.248451395,23,14,1792617,2.0
Rajouri,0.301855404,0.017946919,0.283908485,109,18,659577,4.0
Rajsamand,0.253865414,0.088450607,0.165414807,17,0,1353032,32.0
Ramanagara,1.21544654,0.259579863,0.955866677,23,1,1168086,17.0
Ramanathapuram,3.269130248,1.290662657,1.978467591,103,17,1550443,7.0
Ramban,0.754358554,0.309949623,0.444408931,49,18,360350,5.0
Ramgarh,0.955188073,0.516207464,0.438980609,4,11,1068909,2.0
Rampur,4.515924008,0.0,4.515924008,52,0,2830370,23.0
Ranchi,0.833116849,0.368094084,0.465022765,45,6,3525357,5.0
Ranga Reddy,0.412349188,0.327322292,0.085026896,1,0,3667925,4.0
Ranipet,1.50587668,0.142824545,1.363052135,16,4,1198951,10.0
Ratlam,0.690751655,0.102150461,0.588601194,24,0,1682145,6.0
Ratnagiri,1.554240455,0.978975411,0.575265044,280,72,1532470,3.0
Rayagada,1.514776096,0.065376151,1.449399945,31,0,1127993,31.0
Reasi,1.749523708,0.510462262,1.239061446,63,18,394393,5.0
Rewa,0.994456438,0.175699644,0.818756794,38,25,2794552,5.0
Rewari,0.830835644,0.002779906,0.828055738,5,0,1012074,6.0
Ribhoi,1.874505797,0.159366599,1.715139198,14,1,389832,3.0
Rohtak,1.003708527,0.003867208,0.999841319,52,5,1194736,7.0
Rohtas,4.672962273,0.800130744,3.872831529,82,0,3605080,29.0
Rudraprayag,1.443384607,0.040330005,1.403054602,1324,79,248925,2.0
Rupnagar,8.530840592,0.471251752,8.05958884,48,6,716979,6.0
Sabar Kantha,0.981927574,0.655214573,0.326713001,91,0,1581118,16.0
Sagar,0.895085498,0.240442317,0.654643181,46,8,2792584,5.0
Saharanpur,2.705190205,0.020060771,2.685129434,215,9,4096003,23.0
Saharsa,8.841447371,0.644150281,8.19729709,167,9,2422652,23.0
Sahibganj,8.050315684,2.307096524,5.74321916,3,0,1863699,5.0
Sahibzada Ajit Singh Nag*,0.112972873,0.010724633,0.10224824,0,0,1662669,10.0
Saiha,2.96841934,0.016731928,2.951687412,7,0,65651,4.0
Salem,1.698807354,0.995995874,0.70281148,64,9,3947265,6.0
Samastipur,14.7707354,0.395790839,14.37494456,152,10,5463227,21.0
Samba,0.669356657,0.039351707,0.63000495,33,0,433040,6.0
Sambalpur,1.95082885,1.296871576,0.653957274,191,0,1271970,21.0
Sambhal,2.052578084,0.044450144,2.00812794,46,10,2818198,23.0
Sangareddy,1.457531752,1.462695895,0.005164143,6,1,1729145,7.0
Sangli,0.816411266,0.371511861,0.444899405,107,13,3253446,4.0
Sangrur,2.448919322,0.0,2.448919322,44,1,1835441,7.0
Sant Kabir Nagar,6.190358252,0.19440129,5.995956962,48,1,1990205,23.0
Saraikela-Kharsawan,1.982457722,1.685259625,0.297198097,1,0,1170854,2.0
Saran,13.6847545,1.299936265,12.38481824,177,2,4674827,22.0
Satara,0.886672906,0.88365251,0.003020396,108,67,3138971,3.0
Satna,0.676054775,0.682682458,0.006627683,28,0,2619145,6.0
Sawai Madhopur,1.752297609,0.2640657,1.488231909,121,254,1511281,22.0
Sehore,1.308962201,0.443833329,0.865128872,36,2,1581777,5.0
Senapati,0.710207411,0.0,0.710207411,0,0,459428,7.0
Seoni,1.235483561,0.815741223,0.419742338,18,0,1600897,5.0
Serchhip,1.328475491,0.0,1.328475491,8,1,61426,3.0
Shahdara,0.1,0.0,0.1,2,4,1645700,3.0
Shahdol,0.76725114,0.771098824,0.003847684,2,2,1075359,6.0
Shahid Bhagat Singh Nagar,10.97305613,0.067246598,10.90580953,5,0,636289,6.0
Shahjahanpur,4.764711247,0.007833177,4.75687807,64,3,3533793,20.0
Shajapur,0.571010644,0.057503291,0.513507353,7,0,1036523,6.0
Shamli,1.857718186,0.0,1.857718186,44,3,1373173,26.0
Sheikhpura,3.509671673,0.004092988,3.505578685,82,0,820089,28.0
Sheohar,9.002316572,0.0,9.002316572,136,1,851775,23.0
Sheopur,1.417634793,0.185883526,1.231751267,5,0,890783,7.0
Shi Yomi,0.730870815,0.051292052,0.679578763,4,1,12507,5.0
Shimla,0.771392749,0.035574686,0.735818063,355,172,904737,4.0
Shivamogga,1.276369106,1.203198506,0.0731706,74,12,1877441,9.0
Shivpuri,0.728096946,0.56739149,0.160705456,13,0,2047132,6.0
Shrawasti,7.721578816,0.028878669,7.692700147,47,1,1390228,24.0
Shupiyan,1.082625131,0.002022763,1.080602368,32,1,391024,6.0
Siang,2.518308001,0.498407734,2.019900267,4,1,48365,5.0
Siddharthnagar,13.40492833,0.022007889,13.38292044,0,0,3367475,1.0
Siddipet,0.469975702,0.091876715,0.378098987,2,0,1102022,7.0
Sidhi,2.184368869,0.402325215,1.782043654,2,0,1292335,8.0
Sikar,0.420855874,0.0,0.420855874,87,2,3026385,6.0
Simdega,1.054648305,0.125948542,0.928699763,1,0,677321,2.0
Sindhudurg,1.40862314,0.632545644,0.776077496,190,103,808570,4.0
Singrauli,1.521857949,0.715195816,0.806662133,6,0,1558134,8.0
Sipahijala,0.601362713,0.003254841,0.598107872,10,1,477873,4.0
Sirmaur,1.011405104,0.033540578,0.977864526,84,14,564300,5.0
Sirohi,0.276456745,0.023800256,0.252656489,71,6,1264133,22.0
Sirsa,9.796778385,0.001758909,9.795019476,44,5,1511023,6.0
Sitamarhi,4.621194206,0.001510558,4.619683648,196,1,4182895,20.0
Sitapur,3.400453125,0.025174919,3.375278206,177,11,5391584,13.0
Sivaganga,1.984480953,0.051279472,1.933201481,16,4,1534446,10.0
Sivasagar,17.15000888,0.611686093,16.53832279,117,15,800874,12.0
Siwan,6.753345435,0.145588085,6.60775735,133,0,3880318,23.0
Solan,0.404819031,0.124151886,0.280667145,116,15,678073,5.0
Solapur,1.684216461,0.761165008,0.923051453,161,11,4817374,3.0
Sonbhadra,2.644815378,2.70977361,0.064958232,50,0,2259539,24.0
Sonipat,0.905127272,0.0,0.905127272,22,5,1771137,6.0
Sonitpur,7.745899654,2.549489328,5.196410326,144,8,1462078,9.0
South,0.006747594,0.0,0.006747594,2,4,1636592,3.0
South Andaman,1.443452407,0.0,1.443452407,1,0,257900,2.0
South District,1.694907072,0.18276756,1.512139512,19,4,164403,4.0
South East,0.675204493,0.045915107,0.629289386,2,4,1758195,3.0
South Garo Hills,1.298508569,0.025829871,1.272678698,20,0,190314,3.0
South Goa,2.764330826,0.971762276,1.79256855,2,4,857449,16.0
South Salmara Mancachar,28.02392571,10.81288284,17.21104287,39,1,533060,16.0
South Tripura,0.931395601,0.0,0.931395601,12,2,415745,4.0
South Twenty Four Pargan*,17.30461094,7.77866316,9.52594778,30,0,12843801,17.0
South West,3.339650881,0.0,3.339650881,13,4,1719303,3.0
South West Garo Hills,3.341603843,0.001275329,3.340328514,13,0,161524,5.0
South West Khasi Hills,1.814196952,0.045431517,1.768765435,5,0,136573,3.0
Sri Muktsar Sahib,2.388794655,0.000403704,2.388390951,6,0,1149045,7.0
Sri Potti Sriramulu Nell*,4.296954395,3.608219113,0.688735282,175,0,3285473,6.0
Srikakulam,4.01307877,0.566374643,3.446704127,144,0,2726592,6.0
Srinagar,1.003599347,0.724666434,0.278932913,73,7,904040,6.0
Subarnapur,3.493045358,1.212807104,2.280238254,26,0,663973,33.0
Sukma,1.578192343,0.11146237,1.466729973,0,0,259382,1.0
Sultanpur,4.349309327,0.002008734,4.347300593,139,2,2509152,20.0
Sundargarh,2.122434122,0.304650931,1.817783191,28,0,2361775,33.0
Supaul,7.982821848,0.634587242,7.348234606,162,10,2904278,22.0
Surajpur,1.420793586,0.200734056,1.22005953,0,0,917283,7.0
Surat,5.928437334,0.593664003,5.334773331,215,9,8228098,11.0
Surendranagar,1.286502045,0.14688655,1.139615495,109,5,1806637,13.0
Surguja,0.479102379,0.278929567,0.200172812,12,2,971194,1.0
Suryapet,1.862321095,0.526090291,1.336230804,1,0,1145777,11.0
Tamenglong,1.701837152,0.006002374,1.695834778,11,2,139509,5.0
Tapi,3.084521179,2.984765412,0.099755767,45,3,952637,18.0
Tarn Taran,5.771552223,0.165720765,5.605831458,5,0,1251033,6.0
Tawang,1.104117118,0.227751689,0.876365429,92,8,60141,6.0
Tehri Garhwal,1.072103335,0.531062216,0.541041119,102,6,665938,2.0
Tengnoupal,0.539127806,0.0,0.539127806,0,0,75461,7.0
Tenkasi,0.457961738,0.050554592,0.407407146,16,4,1653931,11.0
Thane,3.51519111,2.261563329,1.253627781,418,204,9950177,3.0
Thanjavur,6.402076626,0.139785443,6.262291183,144,22,2499232,9.0
The Dangs,2.171927273,0.007193835,2.164733438,68,4,274863,24.0
The Nilgiris,0.41168295,0.339577292,0.072105658,156,23,708881,6.0
Theni,0.346368373,0.314606199,0.031762174,23,5,1406691,8.0
Thiruvallur,2.527745598,2.390831933,0.136913665,44,6,4840586,6.0
Thiruvananthapuram,0.884604088,0.648894373,0.235709715,276,149,3288743,4.0
Thiruvarur,2.20727188,0.026905003,2.180366877,41,5,1412221,5.0
Thoothukkudi,0.991755053,1.009030229,0.017275176,34,4,1817973,6.0
Thoubal,23.65742483,0.052982735,23.6044421,7,2,325077,5.0
Thrissur,5.136358427,0.761485485,4.374872942,124,43,3305535,5.0
Tikamgarh,0.397359874,0.123153605,0.274206269,9,0,1216750,6.0
Tinsukia,6.140689939,1.259207522,4.881482417,105,45,1408250,13.0
Tirap,0.650808941,0.020888139,0.629920802,4,1,69112,5.0
Tiruchirappalli,2.799798931,0.030082563,2.769716368,85,53,3072981,6.0
Tirunelveli,0.61478851,0.622191008,0.007402498,3,0,1871307,1.0
Tirupathur,0.890009742,0.007876167,0.882133575,16,4,1329320,11.0
Tiruppur,0.635364224,0.084088984,0.55127524,20,4,3131866,8.0
Tiruvannamalai,1.068840485,0.111931507,0.956908978,48,10,2908761,5.0
Tonk,0.845948588,0.871896612,0.025948024,137,252,1641156,21.0
Tuensang,0.650005813,0.0,0.650005813,0,0,197958,7.0
Tumakuru,0.340404409,0.284595715,0.055808694,25,2,2774415,17.0
Udaipur,0.289382661,0.290943084,0.001560423,97,6,3607694,14.0
Udalguri,3.138974031,0.003282254,3.135691777,51,2,909069,10.0
Udham Singh Nagar,2.061876849,0.785339181,1.276537668,26,3,2171345,2.0
Udhampur,0.487802833,0.013526323,0.47427651,121,8,695644,5.0
Udupi,0.74927375,0.741689148,0.007584602,58,21,1144919,10.0
Ujjain,0.752619653,0.044407032,0.708212621,50,3,2261682,4.0
Ukhrul,0.669906789,0.0,0.669906789,0,0,178796,7.0
Umaria,0.907342834,0.911756287,0.004413453,3,0,849658,7.0
Una,0.647137511,0.628882095,0.018255416,65,5,573625,6.0
Unnao,3.590127624,0.07773585,3.512391774,97,4,3601532,18.0
Unokoti,23.62357053,0.001642557,23.62192797,10,1,370767,4.0
Upper Dibang Valley,1.084032399,0.372682252,0.711350147,5,1,10102,5.0
Upper Siang,2.722491305,0.336009842,2.386481463,24,671,34326,4.0
Upper Subansiri,1.234996868,0.078758779,1.156238089,5,1,119722,7.0
Uttar Bastar Kanker,0.836672614,0.106473076,0.730199538,7,2,868469,1.0
Uttar Dinajpur,6.673772935,0.007231452,6.666541483,46,3,3289303,10.0
Uttara Kannada,4.074727101,1.655079328,2.419647773,102,19,1597345,7.0
Uttarkashi,0.450692495,0.082932117,0.367760378,1373,25,410687,5.0
Vadodara,3.328415211,0.284762754,3.043652457,105,3,3437852,13.0
Vaishali,17.98113124,1.112916504,16.86821474,111,2,4598311,23.0
Valsad,2.551668353,0.812747791,1.738920562,126,2,2077846,17.0
Varanasi,4.599652222,0.883647796,3.716004426,363,5,4311285,18.0
Vellore,0.459638695,0.021681234,0.437957461,38,23,1718125,6.0
Vidisha,0.912677122,0.277215122,0.635462,35,6,1710603,4.0
Vijayapura,0.883343513,0.871904394,0.011439119,45,1,2612195,8.0
Vikarabad,0.271652781,0.187043402,0.084609379,10,1,1308948,9.0
Viluppuram,2.829205267,0.250109562,2.579095705,75,10,2449240,6.0
Virudhunagar,1.881503151,0.022872843,1.858630308,26,5,2112777,6.0
Visakhapatnam,1.175590784,0.439675977,0.735914807,106,115,4885485,10.0
Vizianagaram,1.110588388,0.320586402,0.790001986,63,107,2443656,9.0
Wanaparthy,5.911067913,0.984745694,4.926322219,1,0,680558,10.0
Warangal Rural,0.420854233,0.3791028,0.041751433,134,2,811309,6.0
Warangal Urban,0.487587909,0.354480511,0.133107398,127,1,1152989,7.0
Wardha,1.65012412,1.005544539,0.644579581,134,20,1365264,5.0
Washim,0.392447344,0.392373985,7.34e-05,62,6,1362768,4.0
Wayanad,0.815062099,0.354881107,0.460180992,151,95,847406,4.0
West,5.312905892,0.0,5.312905892,2,6,3053772,3.0
West District,0.75096604,0.065150406,0.685815634,23,12,133590,3.0
West Garo Hills,1.111942423,0.032280391,1.079662032,28,0,701102,3.0
West Godavari,5.603589524,2.064339191,3.539250333,232,0,4167944,8.0
West Jaintia Hills,1.733990094,0.091584225,1.642405869,4,0,372716,3.0
West Kameng,1.93207052,0.043990415,1.888080105,22,6,99039,4.0
West Karbi Anglong,3.225931636,0.096610327,3.129321309,38,1,363939,26.0
West Khasi Hills,1.198133343,0.006185816,1.191947527,18,5,341864,3.0
West Nimar,1.727264926,0.465974584,1.261290342,52,18,2194354,4.0
West Siang,0.744207577,0.123427923,0.620779654,52,668,48422,7.0
West Tripura,0.612502471,0.0,0.612502471,66,110,1081396,4.0
Wokha,2.044958036,0.491956258,1.553001778,0,0,164833,4.0
Y.S.R.,1.141752714,1.095797136,0.045955578,144,1,3162142,9.0
Yadadri Bhuvanagiri,0.630428715,0.084363209,0.546065506,3,0,769265,10.0
Yadgir,1.651730783,0.57450138,1.077229403,64,5,1373369,13.0
Yamunanagar,5.773638579,0.042011596,5.731626983,11,5,1366309,5.0
Yanam,32.6562,29.67097127,2.98522873,0,0,47877,7.0
Yavatmal,0.98190471,0.983855741,0.001951031,211,22,3117757,4.0
Zunheboto,0.640526895,0.0,0.640526895,4,0,135618,19.0
